id,event_type,road_names,direction,description,start_date,end_date,vehicle_impact,work_zone_type,reduced_speed_limit_kph,beginning_milepost,ending_milepost,num_lanes,lanes_closed,has_workers,geometry_type,num_coordinates
SJ-4960_NB,work-zone,RUBY AVE,northbound,Utility potholing,2025-04-01T15:15:00Z,2026-01-30T23:30:00Z,all-lanes-open-shift-right,static,,,,0,0,False,LineString,42
SJ-6278_WB,work-zone,FORTUNE,westbound,Installation of utility services,2025-10-06T15:00:00Z,2025-10-17T12:00:00Z,all-lanes-open-shift-right,static,,,,0,0,False,LineString,3
SJ-6246_NB,work-zone,LINCOLN AV,northbound,Pavement resurfacing,2025-10-06T14:00:00Z,2025-11-03T15:00:00Z,some-lanes-closed,static,,,,0,0,False,LineString,5
CSC-1747426925585,work-zone,Mesa Road,undefined,Mesa Rd permanently closed at US-101,2025-05-12T20:21:19Z,2026-01-01T21:21:25Z,all-lanes-closed,static,,,,0,0,True,LineString,2
SJ-5838_WB,work-zone,MOORPARK AV,westbound,Pavement resurfacing,2025-10-03T14:00:00Z,2025-10-21T14:00:00Z,some-lanes-closed,static,,,,0,0,False,LineString,18
CSC-1747427094026,work-zone,Castro Valley Road,undefined,Castro Valley Road permanently closed at US-101,2025-05-12T20:24:32Z,2026-01-01T21:24:35Z,all-lanes-closed,static,,,,0,0,True,LineString,2
SJ-4960_SB,work-zone,RUBY AVE,southbound,Utility potholing,2025-04-01T15:15:00Z,2026-01-30T23:30:00Z,all-lanes-open-shift-right,static,,,,0,0,False,LineString,42
SJ-4262_NB,work-zone,EDEN PARK,northbound,Other/Not Listed,2024-07-23T16:00:00Z,2026-07-20T22:00:00Z,some-lanes-closed-merge-right,static,,,,0,0,False,LineString,6
SJ-6107_NB,work-zone,MERIDIAN AV,northbound,Pavement resurfacing,2025-09-17T14:00:00Z,2025-10-22T14:00:00Z,some-lanes-closed,static,,,,0,0,False,LineString,4
SJ-4692_SB,work-zone,CAMINO VERDE DR,southbound,"Curb, gutter, and sidewalk construction",2024-12-02T15:00:00Z,2031-01-01T04:00:00Z,unknown,static,,,,0,0,False,LineString,21
SJ-6104_SB,work-zone,MERIDIAN AV,southbound,Pavement resurfacing,2025-09-17T14:00:00Z,2025-10-22T14:00:00Z,some-lanes-closed,static,,,,0,0,False,LineString,4
SJ-4959_NB,work-zone,TOYON AVE,northbound,Utility potholing,2025-04-01T15:30:00Z,2026-01-30T23:30:00Z,all-lanes-open-shift-right,static,,,,0,0,False,LineString,2
SJ-6203_SB,work-zone,8TH ST,southbound,Installation of utility services,2025-08-01T15:15:00Z,2025-11-15T00:00:00Z,some-lanes-closed-merge-right,static,,,,0,0,False,LineString,2
SJ-5037_WB,work-zone,QUINN AVE,westbound,Street improvements,2025-04-18T15:00:00Z,2027-11-30T23:30:00Z,unknown,static,,,,0,0,False,LineString,6
SF-258066-9039000-20251006,work-zone,MINNA ST,undefined,"to perform:streetlight relocation & demo and reconstruction of sidewalk  location: minna st between 1st & 2nd sts  date/time: oct 6 thru 10, 2025 (everyday)working hours7:00 am to 5:00 pm oct 6 thru 10, 2025 (everyday)non-working hoursall other times",2025-10-06T07:00:00Z,2025-10-11T06:59:00Z,some-lanes-closed,static,,,,0,0,False,LineString,2
SJ-6227_SB,work-zone,ADRIAN WAY,southbound,Utility repair,2025-09-09T15:30:00Z,2026-02-01T00:15:00Z,all-lanes-closed,static,,,,0,0,False,LineString,12
SJ-6221_SB,work-zone,WHILENIA,southbound,Installation of utility services,2025-09-05T15:15:00Z,2025-10-27T23:15:00Z,all-lanes-open-shift-right,static,,,,0,0,False,LineString,20
SJ-4696_NB,work-zone,SEELY AVE,northbound,Delivery of construction materials,2025-02-02T16:45:00Z,2026-01-01T17:15:00Z,unknown,static,,,,0,0,False,LineString,2
SJ-6001_EB,work-zone,E ALMA AVE,eastbound,Sanitary sewer rehabilitation work,2025-09-22T15:30:00Z,2026-01-31T00:30:00Z,some-lanes-closed-merge-right,static,,,,0,0,False,LineString,6
TM-C1VA-0001-2025-07-21-06-01-00,work-zone,SR-1,northbound,,2025-07-21T13:01:00Z,2025-10-15T01:01:00Z,unknown,static,,528.713,528.713,0,0,True,LineString,17
SF-257686-9875401-20250913,work-zone,OCTAVIA ST,undefined,"to perform:mobile crane picks and concrete pours location: octavia st between haight & rose sts date/time: sep 13 thru oct 12, 2025 (everyday)6:00 am to 3:00 pm  lane requirements: (to be kept open)  octavia st (frontage)closed t northbound ()full roa",2025-09-13T07:00:00Z,2025-10-13T06:59:00Z,some-lanes-closed,static,,,,0,0,False,LineString,5
SJ-5521_SB,work-zone,KING RD,southbound,Utility potholing,2025-05-19T15:30:00Z,2025-12-31T23:30:00Z,some-lanes-closed-split,static,,,,0,0,False,LineString,5
SJ-6247_NB,work-zone,LINCOLN AV,northbound,Pavement resurfacing,2025-10-06T14:00:00Z,2025-11-03T15:00:00Z,some-lanes-closed,static,,,,0,0,False,LineString,3
TM-C121SA-0001-2025-10-01-00-01-00-1405075,work-zone,CA-12 E,undefined,Caltrans : Long-term construction on CA-12 Eastbound and Westbound between 8TH ST E (Unincorporated) and Burndale Rd (Unincorporated). All lanes closed until 11 PM.,2025-10-01T07:01:00Z,2025-11-01T06:01:00Z,all-lanes-closed,static,,,,0,0,False,LineString,13
SJ-6207_SB,work-zone,JULIAN STREET,southbound,Installation of utility services,2025-06-02T15:15:00Z,2025-12-01T01:00:00Z,some-lanes-closed-merge-right,static,,,,0,0,False,LineString,8
SJ-6197_WB,work-zone,AUZERAIS AVE,westbound,"Curb, gutter, and sidewalk construction",2025-05-27T15:15:00Z,2025-10-20T11:15:00Z,some-lanes-closed-merge-right,static,,,,0,0,False,LineString,2
SJ-6258_SB,work-zone,KIRKMONT,southbound,Installation of utility services,2025-09-23T15:15:00Z,2025-11-11T00:15:00Z,some-lanes-closed-merge-right,static,,,,0,0,False,LineString,8
SJ-6244_SB,work-zone,LINCOLN AV,southbound,Pavement resurfacing,2025-10-06T14:00:00Z,2025-11-03T15:00:00Z,some-lanes-closed,static,,,,0,0,False,LineString,3
SJ-5816_EB,work-zone,RIVER OAKS PY WB,eastbound,Pavement resurfacing,2025-10-08T14:00:00Z,2025-10-24T14:00:00Z,some-lanes-closed,static,,,,0,0,False,LineString,35
SJ-5816_WB,work-zone,RIVER OAKS PY WB,westbound,Pavement resurfacing,2025-10-08T14:00:00Z,2025-10-24T14:00:00Z,some-lanes-closed,static,,,,0,0,False,LineString,35
SJ-4919_NB,work-zone,COTTLE RD,northbound,Street improvements,2024-11-18T16:00:00Z,2027-01-02T01:00:00Z,unknown,static,,,,0,0,False,LineString,7
SJ-5005_SB,work-zone,PIEDMONT RD,southbound,Utility potholing,2025-04-04T15:15:00Z,2026-02-01T00:15:00Z,unknown,static,,,,0,0,False,LineString,23
SJ-6174_EB,work-zone,ALUM ROCK AVE,eastbound,Delivery of construction materials,2025-07-28T18:49:26Z,2026-02-01T19:49:51Z,unknown,static,,,,0,0,False,LineString,2
SJ-6087_EB,work-zone,RIVER OAKS PY EB,eastbound,Pavement resurfacing,2025-10-08T14:00:00Z,2025-10-24T14:00:00Z,some-lanes-closed,static,,,,0,0,False,LineString,31
SJ-6201_EB,work-zone,WESTMONT,eastbound,Installation of utility services,2025-08-19T15:15:00Z,2025-11-11T13:00:00Z,some-lanes-closed-merge-right,static,,,,0,0,False,LineString,3
SJ-6086_WB,work-zone,RIVER OAKS PY WB,westbound,Pavement resurfacing,2025-10-08T14:00:00Z,2025-10-24T14:00:00Z,some-lanes-closed,static,,,,0,0,False,LineString,35
SJ-6239_NB,work-zone,PETAL WY,northbound,Installation of utility services,2025-09-15T15:15:00Z,2025-12-16T00:15:00Z,some-lanes-closed-merge-right,static,,,,0,0,False,LineString,9
SJ-6163_WB,work-zone,MOORPARK AV,westbound,Pavement resurfacing,2025-10-03T14:00:00Z,2025-10-21T14:00:00Z,some-lanes-closed,static,,,,0,0,False,LineString,2
SJ-5902_SB,work-zone,MERIDIAN AV,southbound,Pavement resurfacing,2025-09-17T14:00:00Z,2025-10-22T14:00:00Z,some-lanes-closed,static,,,,0,0,False,LineString,2
SJ-6106_NB,work-zone,MERIDIAN AV,northbound,Pavement resurfacing,2025-09-17T14:00:00Z,2025-10-22T14:00:00Z,some-lanes-closed,static,,,,0,0,False,LineString,3
SJ-6253_NB,work-zone,AVONDALE ST,northbound,Installation of utility services,2025-09-27T03:15:00Z,2025-11-27T01:15:00Z,all-lanes-open-shift-right,static,,,,0,0,False,LineString,3
SF-1307327-5664000-20251005,work-zone,FOLSOM ST,undefined,,2025-10-05T07:01:00Z,2025-10-20T05:00:00Z,some-lanes-closed,static,,,,0,0,False,LineString,2
SJ-6161_WB,work-zone,MOORPARK AV EB,westbound,Pavement resurfacing,2025-10-03T14:00:00Z,2025-10-21T14:00:00Z,some-lanes-closed,static,,,,0,0,False,LineString,3
SJ-6271_WB,work-zone,NIEMAN BLVD,westbound,Installation of utility services,2025-09-29T15:15:00Z,2025-11-09T00:15:00Z,all-lanes-open-shift-right,static,,,,0,0,False,LineString,2
SF-257889-4411000-20251006,work-zone,CORONA ST,unknown,"to perform:gas line replacement (tc 4b, 5, 6)   35442777  location: urbano dr & corona st u northern intersection  date/time: oct 6 thru 17, 2025 (mon-fri) 8:00 am to 5:00 pm lane requirements: (to be kept open)  urbano dr1@12s b reversible lane()walk",2025-10-06T07:00:00Z,2025-10-18T06:59:00Z,some-lanes-closed,static,,,,0,0,False,LineString,4
SJ-5970_WB,work-zone,RUBY RD,westbound,Installation of utility services,2025-08-08T15:30:27Z,2025-12-31T23:30:38Z,some-lanes-closed-merge-right,static,,,,0,0,False,LineString,4
SJ-6235_SB,work-zone,BERNAL RD,southbound,Installation of utility services,2025-09-08T15:15:00Z,2025-10-27T23:15:00Z,some-lanes-closed-merge-right,static,,,,0,0,False,LineString,3
SJ-5996_SB,work-zone,,southbound,Installation of utility services,2025-08-18T15:30:23Z,2025-10-31T23:30:44Z,unknown,static,,,,0,0,False,LineString,4
SJ-6260_SB,work-zone,S 1ST ST - MONTEREY RD,southbound,Utility potholing,2025-09-22T14:00:00Z,2025-10-31T22:30:00Z,unknown,static,,,,0,0,False,LineString,3
TM-C1SA-0001-2025-09-24-07-01-00-1401940,work-zone,CA-1 S,undefined,Caltrans : Long-term construction on CA-1 Northbound and Southbound at Gravenstein Hwy (Valley Ford). Lane closed. One way traffic control in effect.,2025-09-24T14:01:00Z,2025-10-16T00:01:00Z,some-lanes-closed,static,,,,0,0,False,LineString,16
SJ-5843_EB,work-zone,MOORPARK AV WB,eastbound,Pavement resurfacing,2025-10-03T14:00:00Z,2025-10-21T14:00:00Z,some-lanes-closed,static,,,,0,0,False,LineString,2
SJ-6230_NB,work-zone,RIDGEMONT DR,northbound,Utility repair,2025-09-09T15:15:00Z,2026-02-01T00:15:00Z,some-lanes-closed-merge-right,static,,,,0,0,False,LineString,3
SJ-2678_EB,work-zone,1860 ALUM ROCK AVE,eastbound,Other/Not Listed,2023-08-24T16:00:00Z,2026-06-30T22:30:00Z,some-lanes-closed-merge-right,static,,,,0,0,False,LineString,3
SJ-5720_SB,work-zone,,southbound,Roadway improvements,2025-06-13T16:00:00Z,2026-04-10T07:16:00Z,unknown,static,,,,0,0,False,LineString,8
SJ-6255_SB,work-zone,HAMILTON AVE,southbound,Installation of utility services,2025-09-23T03:00:00Z,2025-10-20T12:00:00Z,all-lanes-open-shift-right,static,,,,0,0,False,LineString,9
SJ-5898_NB,work-zone,MERIDIAN AV,northbound,Pavement resurfacing,2025-09-17T14:00:00Z,2025-10-22T14:00:00Z,some-lanes-closed,static,,,,0,0,False,LineString,4
SJ-5998_SB,work-zone,LANTANA AVE,southbound,Installation of utility services,2025-08-25T15:15:00Z,2025-10-31T23:15:00Z,all-lanes-open-shift-right,static,,,,0,0,False,LineString,3
SJ-6114_WB,work-zone,MOORPARK AV,westbound,Pavement resurfacing,2025-10-03T14:00:00Z,2025-10-21T14:00:00Z,some-lanes-closed,static,,,,0,0,False,LineString,18
SJ-6161_EB,work-zone,MOORPARK AV EB,eastbound,Pavement resurfacing,2025-10-03T14:00:00Z,2025-10-21T14:00:00Z,some-lanes-closed,static,,,,0,0,False,LineString,3
SJ-24_PT_SB,work-zone,HORNING ST,southbound,Street improvements,2025-05-19T16:00:00Z,2027-05-31T22:00:00Z,all-lanes-closed,static,,,,0,0,False,MultiPoint,1
SJ-5481_EB,work-zone,ALUM ROCK AVE,eastbound,Utility potholing,2025-05-13T15:30:00Z,2026-01-03T23:30:00Z,some-lanes-closed-merge-right,static,,,,0,0,False,LineString,2
SJ-6246_SB,work-zone,LINCOLN AV,southbound,Pavement resurfacing,2025-10-06T14:00:00Z,2025-11-03T15:00:00Z,some-lanes-closed,static,,,,0,0,False,LineString,5
SJ-6105_SB,work-zone,MERIDIAN AV,southbound,Pavement resurfacing,2025-09-17T14:00:00Z,2025-10-22T14:00:00Z,some-lanes-closed,static,,,,0,0,False,LineString,4
SJ-5518_NB,work-zone,OLD OAKLAND RD,northbound,Installing bus pad,2025-05-19T16:00:00Z,2027-05-31T22:00:00Z,some-lanes-closed-merge-right,static,,,,0,0,False,LineString,2
SF-1307327-7038000-20251005,work-zone,HOWARD ST,undefined,,2025-10-05T13:00:00Z,2025-10-20T05:00:00Z,all-lanes-closed,static,,,,0,0,False,LineString,11
SJ-6108_NB,work-zone,MERIDIAN AV,northbound,Pavement resurfacing,2025-09-17T14:00:00Z,2025-10-22T14:00:00Z,some-lanes-closed,static,,,,0,0,False,LineString,4
SJ-5900_SB,work-zone,MERIDIAN AV,southbound,Pavement resurfacing,2025-09-17T14:00:00Z,2025-10-22T14:00:00Z,some-lanes-closed,static,,,,0,0,False,LineString,4
SJ-5405_EB,work-zone,CHYNOWETH AVENUE,eastbound,Utility repair,2025-04-28T15:15:00Z,2026-01-03T00:15:00Z,some-lanes-closed-merge-right,static,,,,0,0,False,LineString,22
SJ-6223_NB,work-zone,LINCOLN AVE,northbound,Installation of utility services,2025-09-08T15:15:00Z,2025-11-11T00:15:00Z,some-lanes-closed-merge-right,static,,,,0,0,False,LineString,8
SJ-6105_NB,work-zone,MERIDIAN AV,northbound,Pavement resurfacing,2025-09-17T14:00:00Z,2025-10-22T14:00:00Z,some-lanes-closed,static,,,,0,0,False,LineString,4
SJ-6266_SB,work-zone,CHERRY AVE,southbound,Installation of utility services,2025-10-06T15:15:00Z,2025-10-28T01:30:00Z,all-lanes-open-shift-right,static,,,,0,0,False,LineString,8
SJ-5846_SB,work-zone,S KING RD,southbound,Installation of utility services,2025-06-13T03:00:00Z,2025-11-30T23:04:21Z,some-lanes-closed-merge-right,static,,,,0,0,False,LineString,2
SJ-6278_EB,work-zone,FORTUNE,eastbound,Installation of utility services,2025-10-06T15:00:00Z,2025-10-17T12:00:00Z,all-lanes-open-shift-right,static,,,,0,0,False,LineString,3
SJ-5998_NB,work-zone,LANTANA AVE,northbound,Installation of utility services,2025-08-25T15:15:00Z,2025-10-31T23:15:00Z,all-lanes-open-shift-right,static,,,,0,0,False,LineString,3
SJ-5818_EB,work-zone,RIVER OAKS PY EB,eastbound,Pavement resurfacing,2025-10-08T14:00:00Z,2025-10-24T14:00:00Z,some-lanes-closed,static,,,,0,0,False,LineString,31
SJ-5818_WB,work-zone,RIVER OAKS PY EB,westbound,Pavement resurfacing,2025-10-08T14:00:00Z,2025-10-24T14:00:00Z,some-lanes-closed,static,,,,0,0,False,LineString,31
SJ-5028_SB,work-zone,N 1ST ST,southbound,Delivery of construction materials,2025-04-16T17:00:00Z,2027-11-30T22:00:00Z,unknown,static,,,,0,0,False,LineString,3
SJ-6239_SB,work-zone,PETAL WY,southbound,Installation of utility services,2025-09-15T15:15:00Z,2025-12-16T00:15:00Z,some-lanes-closed-merge-right,static,,,,0,0,False,LineString,9
SJ-6216_EB,work-zone,FORTUNE DR,eastbound,Delivery of construction materials,2025-09-04T14:00:00Z,2027-09-30T21:00:00Z,unknown,static,,,,0,0,False,LineString,2
SJ-6187_NB,work-zone,AZALEA,northbound,Installation of utility services,2025-08-25T15:45:00Z,2025-10-13T23:00:00Z,some-lanes-closed-merge-right,static,,,,0,0,False,LineString,5
SJ-4919_SB,work-zone,COTTLE RD,southbound,Street improvements,2024-11-18T16:00:00Z,2027-01-02T01:00:00Z,unknown,static,,,,0,0,False,LineString,7
SJ-6186_NB,work-zone,SAN IGNACIO,northbound,Installation of utility services,2025-09-08T15:45:00Z,2025-10-21T00:00:00Z,all-lanes-open-shift-right,static,,,,0,0,False,LineString,4
SJ-5843_WB,work-zone,MOORPARK AV WB,westbound,Pavement resurfacing,2025-10-03T14:00:00Z,2025-10-21T14:00:00Z,some-lanes-closed,static,,,,0,0,False,LineString,2
SJ-5970_EB,work-zone,RUBY RD,eastbound,Installation of utility services,2025-08-08T15:30:27Z,2025-12-31T23:30:38Z,some-lanes-closed-merge-right,static,,,,0,0,False,LineString,4
SJ-6260_NB,work-zone,S 1ST ST - MONTEREY RD,northbound,Utility potholing,2025-09-22T14:00:00Z,2025-10-31T22:30:00Z,unknown,static,,,,0,0,False,LineString,3
TM-P29TA-0006-2025-09-15-08-01-00,work-zone,SR-29,undefined,,2025-09-15T15:01:00Z,2025-10-31T23:01:00Z,unknown,static,,38.418,38.418,0,0,True,LineString,32
SJ-6229_SB,work-zone,TERILYN AVE,southbound,Utility repair,2025-09-09T15:15:00Z,2026-02-01T00:15:00Z,all-lanes-closed,static,,,,0,0,False,LineString,18
SJ-6267_NB,work-zone,CHERRY AVE,northbound,Installation of utility services,2025-10-06T15:15:00Z,2025-10-27T23:15:00Z,all-lanes-open-shift-right,static,,,,0,0,False,LineString,5
SJ-6267_SB,work-zone,CHERRY AVE,southbound,Installation of utility services,2025-10-06T15:15:00Z,2025-10-27T23:15:00Z,all-lanes-open-shift-right,static,,,,0,0,False,LineString,5
SJ-5606_EB,work-zone,WONDO WAY,eastbound,Delivery of construction materials,2025-05-23T16:00:00Z,2027-05-31T22:00:00Z,all-lanes-open,static,,,,0,0,False,LineString,3
SJ-5997_EB,work-zone,ALEX DR,eastbound,Installation of utility services,2025-08-19T15:15:00Z,2025-11-08T00:15:00Z,some-lanes-closed-merge-right,static,,,,0,0,False,LineString,2
SJ-6211_WB,work-zone,SKYPORT DR,westbound,Pavement resurfacing,2025-09-17T14:00:00Z,2025-10-16T14:00:00Z,some-lanes-closed,static,,,,0,0,False,LineString,2
SJ-6265_SB,work-zone,ZANKER RD,southbound,Other/Not Listed,2025-10-01T14:00:00Z,2027-10-31T23:00:00Z,unknown,static,,,,0,0,False,LineString,9
SJ-5030_WB,work-zone,HESTER AVE,westbound,Delivery of construction materials,2025-04-01T21:00:00Z,2027-06-30T22:00:00Z,unknown,static,,,,0,0,False,LineString,2
SJ-6224_SB,work-zone,CRYSTAL SPRINGS,southbound,Installation of utility services,2025-09-08T15:15:00Z,2025-10-27T23:15:00Z,all-lanes-open-shift-right,static,,,,0,0,False,LineString,5
SJ-6114_EB,work-zone,MOORPARK AV,eastbound,Pavement resurfacing,2025-10-03T14:00:00Z,2025-10-21T14:00:00Z,some-lanes-closed,static,,,,0,0,False,LineString,18
SJ-6000_NB,work-zone,HAMILTON PARK DRIVE,northbound,Installation of utility services,2025-08-18T15:15:00Z,2025-10-31T23:15:00Z,all-lanes-open-shift-right,static,,,,0,0,False,LineString,5
SJ-6255_NB,work-zone,HAMILTON AVE,northbound,Installation of utility services,2025-09-23T03:00:00Z,2025-10-20T12:00:00Z,all-lanes-open-shift-right,static,,,,0,0,False,LineString,9
SJ-6208_NB,work-zone,NEWHALL STREET,northbound,Installation of utility services,2025-07-02T15:30:00Z,2025-12-01T01:00:00Z,all-lanes-open-shift-right,static,,,,0,0,False,LineString,14
SJ-5838_EB,work-zone,MOORPARK AV,eastbound,Pavement resurfacing,2025-10-03T14:00:00Z,2025-10-21T14:00:00Z,some-lanes-closed,static,,,,0,0,False,LineString,18
SJ-6163_EB,work-zone,MOORPARK AV,eastbound,Pavement resurfacing,2025-10-03T14:00:00Z,2025-10-21T14:00:00Z,some-lanes-closed,static,,,,0,0,False,LineString,2
SJ-6229_NB,work-zone,TERILYN AVE,northbound,Utility repair,2025-09-09T15:15:00Z,2026-02-01T00:15:00Z,all-lanes-closed,static,,,,0,0,False,LineString,18
SF-1142113-5202000-20251010,work-zone,ELM ST,undefined,,2025-10-10T15:00:00Z,2025-10-10T23:00:00Z,all-lanes-closed,static,,,,0,0,False,LineString,6
SJ-5994_SB,work-zone,MERIDIAN AV,southbound,Pavement resurfacing,2025-09-29T14:00:00Z,2025-10-22T14:00:00Z,some-lanes-closed,static,,,,0,0,False,LineString,3
SJ-6262_SB,work-zone,W JULIAN STREET,southbound,Installation of utility services,2025-09-30T15:00:00Z,2026-01-01T02:00:00Z,some-lanes-closed-merge-right,static,,,,0,0,False,LineString,3
SJ-6220_NB,work-zone,VIA DEL ORO,northbound,Installation of utility services,2025-09-05T15:15:00Z,2025-10-27T23:15:00Z,unknown,static,,,,0,0,False,LineString,3
SJ-5897_NB,work-zone,MERIDIAN AV,northbound,Pavement resurfacing,2025-09-17T14:00:00Z,2025-10-22T14:00:00Z,some-lanes-closed,static,,,,0,0,False,LineString,4
SJ-5029_NB,work-zone,RINGWOOD,northbound,Delivery of construction materials,2024-04-01T17:15:00Z,2027-04-30T19:00:00Z,all-lanes-open-shift-right,static,,,,0,0,False,LineString,6
SJ-5025_NB,work-zone,INDUSTRIAL AVE,northbound,Delivery of construction materials,2025-04-16T15:45:00Z,2027-04-30T20:30:00Z,some-lanes-closed-merge-right,static,,,,0,0,False,LineString,2
SJ-6253_SB,work-zone,AVONDALE ST,southbound,Installation of utility services,2025-09-27T03:15:00Z,2025-11-27T01:15:00Z,all-lanes-open-shift-right,static,,,,0,0,False,LineString,3
SJ-6109_NB,work-zone,MERIDIAN AV,northbound,Pavement resurfacing,2025-09-17T14:00:00Z,2025-10-22T14:00:00Z,some-lanes-closed,static,,,,0,0,False,LineString,2
SJ-6203_NB,work-zone,8TH ST,northbound,Installation of utility services,2025-08-01T15:15:00Z,2025-11-15T00:00:00Z,some-lanes-closed-merge-right,static,,,,0,0,False,LineString,2
SJ-6205_SB,work-zone,ST JOHN,southbound,Installation of utility services,2025-09-02T16:00:00Z,2025-11-14T23:00:00Z,some-lanes-closed-merge-right,static,,,,0,0,False,LineString,6
SJ-5836_EB,work-zone,MOORPARK AV,eastbound,Pavement resurfacing,2025-10-03T14:00:00Z,2025-10-21T14:00:00Z,some-lanes-closed,static,,,,0,0,False,LineString,2
SJ-5901_NB,work-zone,MERIDIAN AV,northbound,Pavement resurfacing,2025-09-17T14:00:00Z,2025-10-22T14:00:00Z,some-lanes-closed,static,,,,0,0,False,LineString,4
SJ-6266_NB,work-zone,CHERRY AVE,northbound,Installation of utility services,2025-10-06T15:15:00Z,2025-10-28T01:30:00Z,all-lanes-open-shift-right,static,,,,0,0,False,LineString,8
SF-1307327-254000-20251005,work-zone,4TH ST,undefined,,2025-10-05T07:01:00Z,2025-10-20T05:00:00Z,some-lanes-closed,static,,,,0,0,False,LineString,5
SJ-20_PT_SB,work-zone,MERIDIAN AVE,southbound,"Curb, gutter, and sidewalk construction",2024-10-01T17:00:00Z,2025-10-31T21:15:00Z,some-lanes-closed-merge-right,static,,,,0,0,False,MultiPoint,1
SJ-6245_NB,work-zone,LINCOLN AV,northbound,Pavement resurfacing,2025-10-06T14:00:00Z,2025-11-03T15:00:00Z,some-lanes-closed,static,,,,0,0,False,LineString,2
SJ-6240_EB,work-zone,TRINA WAY,eastbound,Installation of utility services,2025-09-15T15:15:00Z,2025-10-31T23:15:00Z,some-lanes-closed-merge-right,static,,,,0,0,False,LineString,2
SJ-5025_SB,work-zone,INDUSTRIAL AVE,southbound,Delivery of construction materials,2025-04-16T15:45:00Z,2027-04-30T20:30:00Z,some-lanes-closed-merge-right,static,,,,0,0,False,LineString,2
SJ-5903_NB,work-zone,MERIDIAN AV,northbound,Pavement resurfacing,2025-09-17T14:00:00Z,2025-10-22T14:00:00Z,some-lanes-closed,static,,,,0,0,False,LineString,5
SJ-5901_SB,work-zone,MERIDIAN AV,southbound,Pavement resurfacing,2025-09-17T14:00:00Z,2025-10-22T14:00:00Z,some-lanes-closed,static,,,,0,0,False,LineString,4
SJ-6276_NB,work-zone,MARKET ST,northbound,Utility potholing,2025-10-07T03:00:00Z,2025-11-07T13:30:00Z,some-lanes-closed-merge-right,static,,,,0,0,False,LineString,3
SJ-4696_SB,work-zone,SEELY AVE,southbound,Delivery of construction materials,2025-02-02T16:45:00Z,2026-01-01T17:15:00Z,unknown,static,,,,0,0,False,LineString,2
SJ-5828_WB,work-zone,MOORPARK AV EB,westbound,Pavement resurfacing,2025-10-03T14:00:00Z,2025-10-21T14:00:00Z,some-lanes-closed,static,,,,0,0,False,LineString,3
SJ-6186_SB,work-zone,SAN IGNACIO,southbound,Installation of utility services,2025-09-08T15:45:00Z,2025-10-21T00:00:00Z,all-lanes-open-shift-right,static,,,,0,0,False,LineString,4
SJ-6238_NB,work-zone,CAPITOL AVE,northbound,Installation of utility services,2025-09-08T16:00:00Z,2025-12-02T00:00:00Z,all-lanes-open-shift-right,static,,,,0,0,False,LineString,2
SJ-5037_EB,work-zone,QUINN AVE,eastbound,Street improvements,2025-04-18T15:00:00Z,2027-11-30T23:30:00Z,unknown,static,,,,0,0,False,LineString,6
SJ-6245_SB,work-zone,LINCOLN AV,southbound,Pavement resurfacing,2025-10-06T14:00:00Z,2025-11-03T15:00:00Z,some-lanes-closed,static,,,,0,0,False,LineString,2
SJ-4444_SB,work-zone,COMMUNICATION HILL BLVD,southbound,Other/Not Listed,2024-09-06T14:00:00Z,2030-08-30T20:30:00Z,unknown,static,,,,0,0,False,LineString,83
SJ-6162_EB,work-zone,MOORPARK AV WB,eastbound,Pavement resurfacing,2025-10-03T14:00:00Z,2025-10-21T14:00:00Z,some-lanes-closed,static,,,,0,0,False,LineString,2
SJ-6162_WB,work-zone,MOORPARK AV WB,westbound,Pavement resurfacing,2025-10-03T14:00:00Z,2025-10-21T14:00:00Z,some-lanes-closed,static,,,,0,0,False,LineString,2
SJ-6235_NB,work-zone,BERNAL RD,northbound,Installation of utility services,2025-09-08T15:15:00Z,2025-10-27T23:15:00Z,some-lanes-closed-merge-right,static,,,,0,0,False,LineString,3
SJ-5720_NB,work-zone,,northbound,Roadway improvements,2025-06-13T16:00:00Z,2026-04-10T07:16:00Z,unknown,static,,,,0,0,False,LineString,8
SJ-6224_NB,work-zone,CRYSTAL SPRINGS,northbound,Installation of utility services,2025-09-08T15:15:00Z,2025-10-27T23:15:00Z,all-lanes-open-shift-right,static,,,,0,0,False,LineString,5
SJ-4552_NB,work-zone,SOUTH CAPITOL AVENUE,northbound,Roadway improvements,2024-07-01T15:30:00Z,2027-01-01T00:00:00Z,some-lanes-closed-merge-right,static,,,,0,0,False,LineString,9
SJ-6240_WB,work-zone,TRINA WAY,westbound,Installation of utility services,2025-09-15T15:15:00Z,2025-10-31T23:15:00Z,some-lanes-closed-merge-right,static,,,,0,0,False,LineString,2
SJ-6258_NB,work-zone,KIRKMONT,northbound,Installation of utility services,2025-09-23T15:15:00Z,2025-11-11T00:15:00Z,some-lanes-closed-merge-right,static,,,,0,0,False,LineString,8
SJ-4952_SB,work-zone,JACKSON AVE,southbound,Utility potholing,2025-03-26T16:00:00Z,2026-01-31T23:30:00Z,some-lanes-closed-merge-right,static,,,,0,0,False,LineString,3
SJ-5996_NB,work-zone,,northbound,Installation of utility services,2025-08-18T15:30:23Z,2025-10-31T23:30:44Z,unknown,static,,,,0,0,False,LineString,4
SJ-6262_NB,work-zone,W JULIAN STREET,northbound,Installation of utility services,2025-09-30T15:00:00Z,2026-01-01T02:00:00Z,some-lanes-closed-merge-right,static,,,,0,0,False,LineString,3
SJ-6200_NB,work-zone,DE ANZA,northbound,Installation of utility services,2025-08-20T04:00:00Z,2026-01-28T13:00:00Z,all-lanes-open-shift-right,static,,,,0,0,False,LineString,2
SJ-5605_WB,work-zone,E SAN FERNANDO ST,westbound,Delivery of construction materials,2025-06-06T16:00:00Z,2027-05-31T22:00:00Z,all-lanes-open,static,,,,0,0,False,LineString,3
SJ-6087_WB,work-zone,RIVER OAKS PY EB,westbound,Pavement resurfacing,2025-10-08T14:00:00Z,2025-10-24T14:00:00Z,some-lanes-closed,static,,,,0,0,False,LineString,31
SJ-5902_NB,work-zone,MERIDIAN AV,northbound,Pavement resurfacing,2025-09-17T14:00:00Z,2025-10-22T14:00:00Z,some-lanes-closed,static,,,,0,0,False,LineString,2
SF-1288540-4313000-20251010,work-zone,COMMERCIAL ST,undefined,,2025-10-10T14:00:00Z,2025-10-11T05:00:00Z,all-lanes-closed,static,,,,0,0,False,LineString,3
SJ-5403_NB,work-zone,PARKMOOR,northbound,Street improvements,2024-05-01T14:00:00Z,2026-05-05T22:00:00Z,all-lanes-open,static,,,,0,0,False,LineString,2
SJ-4444_NB,work-zone,COMMUNICATION HILL BLVD,northbound,Other/Not Listed,2024-09-06T14:00:00Z,2030-08-30T20:30:00Z,unknown,static,,,,0,0,False,LineString,83
SJ-4962_NB,work-zone,LOCKWOOD DR,northbound,Utility potholing,2025-04-01T15:15:00Z,2026-02-01T00:15:00Z,all-lanes-open-shift-right,static,,,,0,0,False,LineString,17
SJ-4962_SB,work-zone,LOCKWOOD DR,southbound,Utility potholing,2025-04-01T15:15:00Z,2026-02-01T00:15:00Z,all-lanes-open-shift-right,static,,,,0,0,False,LineString,17
SJ-4740_NB,work-zone,BERING DR,northbound,Other/Not Listed,2025-09-10T13:00:00Z,2026-01-18T01:00:00Z,all-lanes-open-shift-right,static,,,,0,0,False,LineString,2
SJ-6247_SB,work-zone,LINCOLN AV,southbound,Pavement resurfacing,2025-10-06T14:00:00Z,2025-11-03T15:00:00Z,some-lanes-closed,static,,,,0,0,False,LineString,3
SJ-5994_NB,work-zone,MERIDIAN AV,northbound,Pavement resurfacing,2025-09-29T14:00:00Z,2025-10-22T14:00:00Z,some-lanes-closed,static,,,,0,0,False,LineString,3
SJ-6226_NB,work-zone,BEND AVE,northbound,Installation of utility services,2025-09-09T15:15:00Z,2025-10-27T23:15:00Z,all-lanes-open-shift-right,static,,,,0,0,False,LineString,3
SJ-6226_SB,work-zone,BEND AVE,southbound,Installation of utility services,2025-09-09T15:15:00Z,2025-10-27T23:15:00Z,all-lanes-open-shift-right,static,,,,0,0,False,LineString,3
SJ-6230_SB,work-zone,RIDGEMONT DR,southbound,Utility repair,2025-09-09T15:15:00Z,2026-02-01T00:15:00Z,some-lanes-closed-merge-right,static,,,,0,0,False,LineString,3
SJ-6217_EB,work-zone,BAYPOINTE,eastbound,Utility potholing,2025-09-04T14:00:00Z,2027-09-30T21:30:00Z,some-lanes-closed-merge-right,static,,,,0,0,False,LineString,5
SJ-6261_NB,work-zone,BASCOM,northbound,Installation of utility services,2025-09-29T16:00:00Z,2025-10-27T22:00:00Z,all-lanes-open-shift-right,static,,,,0,0,False,LineString,10
SJ-2678_WB,work-zone,1860 ALUM ROCK AVE,westbound,Other/Not Listed,2023-08-24T16:00:00Z,2026-06-30T22:30:00Z,some-lanes-closed-merge-right,static,,,,0,0,False,LineString,3
SJ-5789_NB,work-zone,W SAN CARLOS,northbound,Street improvements,2025-06-16T15:00:00Z,2026-04-20T23:00:00Z,some-lanes-closed-merge-right,static,,,,0,0,False,LineString,9
SJ-6214_SB,work-zone,BASCOM AVE,southbound,Installation of new traffic signal,2025-09-04T13:30:00Z,2026-02-28T18:00:00Z,all-lanes-open-shift-right,static,,,,0,0,False,LineString,3
SJ-5897_SB,work-zone,MERIDIAN AV,southbound,Pavement resurfacing,2025-09-17T14:00:00Z,2025-10-22T14:00:00Z,some-lanes-closed,static,,,,0,0,False,LineString,4
SJ-4918_EB,work-zone,SAN IGNACIO AVE,eastbound,Installation of utility services,2024-10-01T16:00:00Z,2026-08-01T02:00:00Z,unknown,static,,,,0,0,False,LineString,9
SJ-5721_SB,work-zone,"CAPITOL AVE, PENITENCIA CREEK RD",southbound,Roadway improvements,2025-06-13T16:00:00Z,2027-06-30T23:00:00Z,some-lanes-closed-merge-right,static,,,,0,0,False,LineString,6
SJ-4692_NB,work-zone,CAMINO VERDE DR,northbound,"Curb, gutter, and sidewalk construction",2024-12-02T15:00:00Z,2031-01-01T04:00:00Z,unknown,static,,,,0,0,False,LineString,21
SJ-4961_NB,work-zone,GRIDLEY ST,northbound,Utility potholing,2025-04-01T15:15:00Z,2026-02-01T00:15:00Z,all-lanes-open-shift-right,static,,,,0,0,False,LineString,6
SJ-5828_EB,work-zone,MOORPARK AV EB,eastbound,Pavement resurfacing,2025-10-03T14:00:00Z,2025-10-21T14:00:00Z,some-lanes-closed,static,,,,0,0,False,LineString,3
SJ-6265_NB,work-zone,ZANKER RD,northbound,Other/Not Listed,2025-10-01T14:00:00Z,2027-10-31T23:00:00Z,unknown,static,,,,0,0,False,LineString,9
SJ-6000_SB,work-zone,HAMILTON PARK DRIVE,southbound,Installation of utility services,2025-08-18T15:15:00Z,2025-10-31T23:15:00Z,all-lanes-open-shift-right,static,,,,0,0,False,LineString,5
SJ-6205_NB,work-zone,ST JOHN,northbound,Installation of utility services,2025-09-02T16:00:00Z,2025-11-14T23:00:00Z,some-lanes-closed-merge-right,static,,,,0,0,False,LineString,6
SJ-6248_NB,work-zone,LINCOLN AV,northbound,Pavement resurfacing,2025-10-06T14:00:00Z,2025-11-03T15:00:00Z,some-lanes-closed,static,,,,0,0,False,LineString,5
SJ-6197_EB,work-zone,AUZERAIS AVE,eastbound,"Curb, gutter, and sidewalk construction",2025-05-27T15:15:00Z,2025-10-20T11:15:00Z,some-lanes-closed-merge-right,static,,,,0,0,False,LineString,2
SJ-4918_WB,work-zone,SAN IGNACIO AVE,westbound,Installation of utility services,2024-10-01T16:00:00Z,2026-08-01T02:00:00Z,unknown,static,,,,0,0,False,LineString,9
SJ-6279_WB,work-zone,FORTUNE,westbound,Installation of utility services,2025-10-06T15:00:00Z,2025-10-17T12:00:00Z,some-lanes-closed-merge-right,static,,,,0,0,False,LineString,2
SJ-6279_EB,work-zone,FORTUNE,eastbound,Installation of utility services,2025-10-06T15:00:00Z,2025-10-17T12:00:00Z,some-lanes-closed-merge-right,static,,,,0,0,False,LineString,2
SJ-6216_WB,work-zone,FORTUNE DR,westbound,Delivery of construction materials,2025-09-04T14:00:00Z,2027-09-30T21:00:00Z,unknown,static,,,,0,0,False,LineString,2
SJ-6254_NB,work-zone,,northbound,Delivery of construction materials,2025-09-22T14:00:00Z,2026-01-09T11:00:22Z,all-lanes-open-shift-right,static,,,,0,0,False,LineString,2
SJ-6276_SB,work-zone,MARKET ST,southbound,Utility potholing,2025-10-07T03:00:00Z,2025-11-07T13:30:00Z,some-lanes-closed-merge-right,static,,,,0,0,False,LineString,3
SJ-6187_SB,work-zone,AZALEA,southbound,Installation of utility services,2025-08-25T15:45:00Z,2025-10-13T23:00:00Z,some-lanes-closed-merge-right,static,,,,0,0,False,LineString,5
SJ-6227_NB,work-zone,ADRIAN WAY,northbound,Utility repair,2025-09-09T15:30:00Z,2026-02-01T00:15:00Z,all-lanes-closed,static,,,,0,0,False,LineString,12
SJ-4963_NB,work-zone,OLD STONE PL,northbound,Utility potholing,2025-04-01T15:15:00Z,2026-02-01T00:15:00Z,some-lanes-closed-merge-right,static,,,,0,0,False,LineString,5
SJ-5900_NB,work-zone,MERIDIAN AV,northbound,Pavement resurfacing,2025-09-17T14:00:00Z,2025-10-22T14:00:00Z,some-lanes-closed,static,,,,0,0,False,LineString,4
SF-1307327-7037000-20251005,work-zone,HOWARD ST,undefined,,2025-10-05T07:01:00Z,2025-10-20T05:00:00Z,some-lanes-closed,static,,,,0,0,False,LineString,6
SJ-6108_SB,work-zone,MERIDIAN AV,southbound,Pavement resurfacing,2025-09-17T14:00:00Z,2025-10-22T14:00:00Z,some-lanes-closed,static,,,,0,0,False,LineString,4
SJ-6201_WB,work-zone,WESTMONT,westbound,Installation of utility services,2025-08-19T15:15:00Z,2025-11-11T13:00:00Z,some-lanes-closed-merge-right,static,,,,0,0,False,LineString,3
SJ-6222_NB,work-zone,AUSTICK COURT,northbound,Installation of utility services,2025-09-05T15:15:00Z,2025-10-20T23:15:00Z,all-lanes-open-shift-right,static,,,,0,0,False,LineString,8
SJ-6110_SB,work-zone,MERIDIAN AV,southbound,Pavement resurfacing,2025-09-17T14:00:00Z,2025-10-22T14:00:00Z,some-lanes-closed,static,,,,0,0,False,LineString,5
SJ-6207_NB,work-zone,JULIAN STREET,northbound,Installation of utility services,2025-06-02T15:15:00Z,2025-12-01T01:00:00Z,some-lanes-closed-merge-right,static,,,,0,0,False,LineString,8
SJ-6110_NB,work-zone,MERIDIAN AV,northbound,Pavement resurfacing,2025-09-17T14:00:00Z,2025-10-22T14:00:00Z,some-lanes-closed,static,,,,0,0,False,LineString,5
SJ-6220_SB,work-zone,VIA DEL ORO,southbound,Installation of utility services,2025-09-05T15:15:00Z,2025-10-27T23:15:00Z,unknown,static,,,,0,0,False,LineString,3
SJ-6215_NB,work-zone,BASCOM AVE,northbound,Delivery of construction materials,2025-09-04T13:45:00Z,2026-09-03T20:15:00Z,some-lanes-closed-merge-right,static,,,,0,0,False,LineString,4
SJ-3554_NB,work-zone,BASCOM AVE,northbound,Delivery of construction materials,2024-04-22T14:15:00Z,2026-03-31T23:00:00Z,unknown,static,,,,0,0,False,LineString,2
SF-1307327-168000-20251005,work-zone,3RD ST,undefined,,2025-10-05T07:01:00Z,2025-10-20T05:00:00Z,some-lanes-closed,static,,,,0,0,False,LineString,2
SJ-6200_SB,work-zone,DE ANZA,southbound,Installation of utility services,2025-08-20T04:00:00Z,2026-01-28T13:00:00Z,all-lanes-open-shift-right,static,,,,0,0,False,LineString,2
SJ-6261_SB,work-zone,BASCOM,southbound,Installation of utility services,2025-09-29T16:00:00Z,2025-10-27T22:00:00Z,all-lanes-open-shift-right,static,,,,0,0,False,LineString,10
SJ-5789_SB,work-zone,W SAN CARLOS,southbound,Street improvements,2025-06-16T15:00:00Z,2026-04-20T23:00:00Z,some-lanes-closed-merge-right,static,,,,0,0,False,LineString,9
SJ-6204_WB,work-zone,ST JOHN,westbound,Installation of utility services,2025-08-04T15:30:00Z,2025-11-14T23:00:00Z,some-lanes-closed-merge-right,static,,,,0,0,False,LineString,2
SJ-5481_WB,work-zone,ALUM ROCK AVE,westbound,Utility potholing,2025-05-13T15:30:00Z,2026-01-03T23:30:00Z,some-lanes-closed-merge-right,static,,,,0,0,False,LineString,2
SJ-4745_NB,work-zone,LICK AVE,northbound,Other/Not Listed,2023-08-31T15:00:00Z,2027-07-30T22:30:00Z,some-lanes-closed-merge-right,static,,,,0,0,False,LineString,2
SJ-6257_NB,work-zone,SANTA TERESA ,northbound,Installation of utility services,2025-09-22T16:45:26Z,2025-10-28T02:00:00Z,some-lanes-closed-merge-right,static,,,,0,0,False,LineString,5
SJ-5518_SB,work-zone,OLD OAKLAND RD,southbound,Installing bus pad,2025-05-19T16:00:00Z,2027-05-31T22:00:00Z,some-lanes-closed-merge-right,static,,,,0,0,False,LineString,2
SJ-6109_SB,work-zone,MERIDIAN AV,southbound,Pavement resurfacing,2025-09-17T14:00:00Z,2025-10-22T14:00:00Z,some-lanes-closed,static,,,,0,0,False,LineString,2
SJ-4963_SB,work-zone,OLD STONE PL,southbound,Utility potholing,2025-04-01T15:15:00Z,2026-02-01T00:15:00Z,some-lanes-closed-merge-right,static,,,,0,0,False,LineString,5
SJ-6223_SB,work-zone,LINCOLN AVE,southbound,Installation of utility services,2025-09-08T15:15:00Z,2025-11-11T00:15:00Z,some-lanes-closed-merge-right,static,,,,0,0,False,LineString,8
SJ-6248_SB,work-zone,LINCOLN AV,southbound,Pavement resurfacing,2025-10-06T14:00:00Z,2025-11-03T15:00:00Z,some-lanes-closed,static,,,,0,0,False,LineString,5
SJ-5038_EB,work-zone,DOVE HILL RD,eastbound,Installation of utility services,2025-04-11T15:00:00Z,2025-10-31T23:30:00Z,some-lanes-closed-merge-right,static,,,,0,0,False,LineString,3
SJ-6241_EB,work-zone,MARGARET,eastbound,Installation of utility services,2025-09-08T15:30:00Z,2025-10-31T23:00:00Z,some-lanes-closed-merge-right,static,,,,0,0,False,LineString,8
SJ-6241_WB,work-zone,MARGARET,westbound,Installation of utility services,2025-09-08T15:30:00Z,2025-10-31T23:00:00Z,some-lanes-closed-merge-right,static,,,,0,0,False,LineString,8
SJ-5521_NB,work-zone,KING RD,northbound,Utility potholing,2025-05-19T15:30:00Z,2025-12-31T23:30:00Z,some-lanes-closed-split,static,,,,0,0,False,LineString,5
SJ-6202_EB,work-zone,REGENCY DR,eastbound,Installation of utility services,2025-09-03T15:30:00Z,2025-12-01T00:15:00Z,all-lanes-open-shift-right,static,,,,0,0,False,LineString,3
SJ-5903_SB,work-zone,MERIDIAN AV,southbound,Pavement resurfacing,2025-09-17T14:00:00Z,2025-10-22T14:00:00Z,some-lanes-closed,static,,,,0,0,False,LineString,5
SJ-6086_EB,work-zone,RIVER OAKS PY WB,eastbound,Pavement resurfacing,2025-10-08T14:00:00Z,2025-10-24T14:00:00Z,some-lanes-closed,static,,,,0,0,False,LineString,35
SJ-6106_SB,work-zone,MERIDIAN AV,southbound,Pavement resurfacing,2025-09-17T14:00:00Z,2025-10-22T14:00:00Z,some-lanes-closed,static,,,,0,0,False,LineString,3
SJ-6211_EB,work-zone,SKYPORT DR,eastbound,Pavement resurfacing,2025-09-17T14:00:00Z,2025-10-16T14:00:00Z,some-lanes-closed,static,,,,0,0,False,LineString,2
SJ-5899_SB,work-zone,MERIDIAN AV,southbound,Pavement resurfacing,2025-09-17T14:00:00Z,2025-10-22T14:00:00Z,some-lanes-closed,static,,,,0,0,False,LineString,3
SJ-6202_WB,work-zone,REGENCY DR,westbound,Installation of utility services,2025-09-03T15:30:00Z,2025-12-01T00:15:00Z,all-lanes-open-shift-right,static,,,,0,0,False,LineString,3
SJ-6107_SB,work-zone,MERIDIAN AV,southbound,Pavement resurfacing,2025-09-17T14:00:00Z,2025-10-22T14:00:00Z,some-lanes-closed,static,,,,0,0,False,LineString,4
SF-257954-5672000-20251006,work-zone,FOLSOM ST,undefined,"to perform:restoration - pm 47102527 tc-1  location: folsom st between 6th & 7th sts  date/time: oct 6 thru 10, 2025 (mon-fri) 6:00 am to 3:00 pm  lane requirements: (to be kept open)  folsom st 3@10   eastbound*()walkways 4' path - opencrosswalks 4'",2025-10-06T07:00:00Z,2025-10-11T06:59:00Z,some-lanes-closed,static,,,,0,0,False,LineString,2
SJ-6270_WB,work-zone,NIEMAN BLVD,westbound,Installation of utility services,2025-09-29T15:15:00Z,2025-11-09T00:15:00Z,all-lanes-open-shift-right,static,,,,0,0,False,LineString,2
SF-258066-9038000-20251006,work-zone,MINNA ST,undefined,"to perform:streetlight relocation & demo and reconstruction of sidewalk  location: minna st between 1st & 2nd sts  date/time: oct 6 thru 10, 2025 (everyday)working hours7:00 am to 5:00 pm oct 6 thru 10, 2025 (everyday)non-working hoursall other times",2025-10-06T07:00:00Z,2025-10-11T06:59:00Z,some-lanes-closed,static,,,,0,0,False,LineString,2
TM-C116JA-0005-2025-10-10-07-01-00-1409053,work-zone,CA-116,eastbound,Caltrans : Roadwork on CA-116 Eastbound at Green Valley Rd (Unincorporated). Lane closed. One way traffic control in effect.,2025-10-10T15:30:00Z,2025-10-10T21:59:00Z,some-lanes-closed,static,,,,0,0,False,LineString,56
SF-257995-8004000-20251002,work-zone,LAIDLEY ST,unknown,"to perform:replace water lateral 0 159 laidley  location: laidley st between fairmount & harper sts date/time: oct 6 thru 16, 2025 (mon-fri)7:00 am to 5:00 pm lane requirements: (to be kept open)  laidley st1@14)   reversible lane() walkways4' path a",2025-10-02T07:00:00Z,2025-10-17T06:59:00Z,some-lanes-closed,static,,,,0,0,False,LineString,3
SF-257890-13030000-20251006,work-zone,URBANO DR,unknown,"to perform:gas line replacement (tc 3) t 35442777  location: urbano dr (northern block) between borica & corona sts date/time: oct 6 thru 17, 2025 (mon-fri) 8:00 am to 5:00 pm lane requirements: (to be kept open)  urbano dr1@12s 1 reversible lane()wal",2025-10-06T07:00:00Z,2025-11-18T07:59:00Z,some-lanes-closed,static,,,,0,0,False,LineString,2
SJ-4959_SB,work-zone,TOYON AVE,southbound,Utility potholing,2025-04-01T15:30:00Z,2026-01-30T23:30:00Z,all-lanes-open-shift-right,static,,,,0,0,False,LineString,2
SF-257890-13027000-20251006,work-zone,URBANO DR,unknown,"to perform:gas line replacement (tc 3) t 35442777  location: urbano dr (northern block) between borica & corona sts date/time: oct 6 thru 17, 2025 (mon-fri) 8:00 am to 5:00 pm lane requirements: (to be kept open)  urbano dr1@12( w reversible lane()wal",2025-10-06T07:00:00Z,2025-11-18T07:59:00Z,some-lanes-closed,static,,,,0,0,False,LineString,3
SJ-6222_SB,work-zone,AUSTICK COURT,southbound,Installation of utility services,2025-09-05T15:15:00Z,2025-10-20T23:15:00Z,all-lanes-open-shift-right,static,,,,0,0,False,LineString,8
SF-257994-7593000-20251002,work-zone,JONES ST,unknown,"to perform:replace water lateral 0 2100 jones  location: jones st between filbert & greenwich sts date/time: oct 6 thru 16, 2025 (mon-fri)7:00 am to 5:00 pm lane requirements: (to be kept open)  jones st1@14e h reversible lane() walkways4' path d open",2025-10-02T07:00:00Z,2025-10-17T06:59:00Z,some-lanes-closed,static,,,,0,0,False,LineString,3
TM-251010GG0296-1409061,work-zone,I-680 S,southbound,CHP : Traffic Hazard on I-680 Southbound at S Main St (Walnut Creek). Lane affected. Expect delays.,2025-10-10T15:37:28Z,2025-10-11T06:59:59Z,unknown,static,,,,0,0,False,MultiPoint,2
TM-251010GG0301-1409063,work-zone,US-101 N,northbound,CHP : Traffic Collision on US-101 Northbound south of Mariposa St (San Francisco). Off Ramp affected. Expect delays.,2025-10-10T15:34:09Z,2025-10-11T06:59:59Z,unknown,static,,,,0,0,False,MultiPoint,2
TM-251010GG0313-1409067,work-zone,US-101 S,southbound,CHP : Residual delays on US-101 Southbound north of Gravenstein Hwy (Cotati). Right shoulder affected. Expect delays.,2025-10-10T15:31:00Z,2025-10-11T06:59:59Z,unknown,static,,,,0,0,False,MultiPoint,2
TM-251010GG0324-1409068,work-zone,CA-4 E,eastbound,CHP : Traffic Hazard on CA-4 Eastbound east of Cummings Skwy (Port Costa). Lane affected. Expect delays.,2025-10-10T15:36:21Z,2025-10-11T06:59:59Z,unknown,static,,,,0,0,False,MultiPoint,2
TM-C37CA-0011-2025-10-10-07-01-00-1409051,work-zone,CA-37 E,eastbound,Caltrans : Roadwork on CA-37 Eastbound between US-101 N (Novato) and Atherton Ave (Novato). Lane closed until 10 AM.,2025-10-10T15:29:58Z,2025-10-10T16:59:00Z,some-lanes-closed,static,,,,0,0,False,LineString,66
SF-1153868-6260000-20251010,work-zone,GOLDEN GATE AVE,undefined,,2025-10-10T13:00:00Z,2025-10-11T01:00:00Z,all-lanes-closed,static,,,,0,0,False,LineString,2
SF-257855-5652000-20250919,work-zone,FOLSOM ST,undefined,"to perform:additional street space footprint (bike lane shift around worksite on the north side of folsom) location: folsom st between beale & main sts date/time: sep 19 thru oct 17, 2025 (everyday) 24 hours lane requirements: (to be kept open)  folso",2025-09-19T07:00:00Z,2025-10-18T06:59:00Z,some-lanes-closed,static,,,,0,0,False,LineString,7
SF-258091-8738201-20251007,work-zone,MARKET ST,undefined,"to perform:bart canopy no. 4 construction - embarcadero station location: market st, between beale and main st.s. date/time: oct 7 thru nov 5, 2025 (everyday)24 hours**work hours are 7:00 am to 5:00 pm lane requirements: (to be kept open)  market st1@",2025-10-07T07:00:00Z,2025-11-06T07:59:00Z,some-lanes-closed,static,,,,0,0,False,LineString,4
SJ-5836_WB,work-zone,MOORPARK AV,westbound,Pavement resurfacing,2025-10-03T14:00:00Z,2025-10-21T14:00:00Z,some-lanes-closed,static,,,,0,0,False,LineString,2
SF-257858-13027000-20250922,work-zone,URBANO DR,unknown,"to perform:gas line replacement 0 35442777 (tc-19, 9w, 9e, 8) location: urbano dr (northern block) between victoria & corona sts  date/time: sep 22 thru oct 10 (mon-fri) 8:00 am to 4:00 pm lane requirements: (to be kept open)  urbano dr175o section 1@",2025-09-22T07:00:00Z,2025-10-11T06:59:00Z,some-lanes-closed,static,,,,0,0,False,LineString,3
SF-257937-12149000-20250930,work-zone,STEINER ST,unknown,"to perform:replace water lateral i 2298 green st (on steiner) location: steiner st between green & union sts date/time: sep 30 thru oct 14, 2025 (mon-fri)7:00 am to 5:00 pm lane requirements: (to be kept open)  steiner st1@14w s reversible lane() walk",2025-09-30T07:00:00Z,2025-10-15T06:59:00Z,some-lanes-closed,static,,,,0,0,False,LineString,8
SJ-6254_SB,work-zone,,southbound,Delivery of construction materials,2025-09-22T14:00:00Z,2026-01-09T11:00:22Z,all-lanes-open-shift-right,static,,,,0,0,False,LineString,2
SF-258047-8127000-20251006,work-zone,LARKIN ST,undefined,"to perform:vl 62 paving location: larkin st between mcallister st & o farrell st date/time: oct 6 thru 10, 2025 (mon-fri)7:30 am to 5:00 pm lane requirements: (to be kept open)  larkin stmcallister to eddy1@10 & 1@12s d northbound() eddy to ellis1@12d",2025-10-06T07:00:00Z,2025-10-11T06:59:00Z,some-lanes-closed,static,,,,0,0,False,LineString,4
SJ-5005_NB,work-zone,PIEDMONT RD,northbound,Utility potholing,2025-04-04T15:15:00Z,2026-02-01T00:15:00Z,unknown,static,,,,0,0,False,LineString,23
SF-256463-11644000-20250528,work-zone,SANTOS ST,unknown,no detail available,2025-05-28T07:00:00Z,2025-11-24T07:59:00Z,some-lanes-closed,static,,,,0,0,False,LineString,6
SF-1307327-255000-20251005,work-zone,4TH ST,undefined,,2025-10-05T07:01:00Z,2025-10-20T05:00:00Z,some-lanes-closed,static,,,,0,0,False,LineString,5
SF-257695-11320000-20250922,work-zone,SALINAS AVE,unknown,"to perform:install conduit location: salinas ave between exeter st & jamestown ave date/time: sep 22 thru oct 10, 2025 (mon-fri)9:00 am to 3:00 pm  lane requirements: (to be kept open)  salinas ave1@12) 4 eastbound ()1@12u r westbound walkways4o path",2025-09-22T07:00:00Z,2025-10-11T06:59:00Z,some-lanes-closed,static,,,,0,0,False,LineString,3
SF-257695-11319000-20250922,work-zone,SALINAS AVE,unknown,"to perform:install conduit location: salinas ave between exeter st & jamestown ave date/time: sep 22 thru oct 10, 2025 (mon-fri)9:00 am to 3:00 pm  lane requirements: (to be kept open)  salinas ave1@12t u eastbound ()1@12t   westbound walkways4a path",2025-09-22T07:00:00Z,2025-10-11T06:59:00Z,some-lanes-closed,static,,,,0,0,False,LineString,3
SF-257903-13158201-20250929,work-zone,VAN NESS AVE,undefined,"to perform:deliveries via truck location: van ness ave between clay & sacramento sts  date/time: sep 29 thru oct 9, 2025 (mon-thu) 6:00 am to 1:00 pm*oct 3 & 10, 2025 (fri) 6:00 am to 11:00 am**must end at 11:00 am on fridays lane requirements: (to be",2025-09-29T07:00:00Z,2025-10-11T06:59:00Z,some-lanes-closed,static,,,,0,0,False,LineString,4
TM-MTC-1409042,work-zone,I-880 S,southbound,CHP : Severe traffic alert and Police department activity on I-880 Southbound at W Grand Ave (Oakland). All lanes blocked. Avoid the area.,2025-10-10T13:38:00Z,2025-10-11T06:59:59Z,unknown,static,,,,0,0,False,MultiPoint,2
SF-257890-13028000-20251006,work-zone,URBANO DR,unknown,"to perform:gas line replacement (tc 3) t 35442777  location: urbano dr (northern block) between borica & corona sts date/time: oct 6 thru 17, 2025 (mon-fri) 8:00 am to 5:00 pm lane requirements: (to be kept open)  urbano dr1@12r i reversible lane()wal",2025-10-06T07:00:00Z,2025-11-18T07:59:00Z,some-lanes-closed,static,,,,0,0,False,LineString,10
SF-258097-12059000-20251008,work-zone,SPRUCE ST,unknown,"to perform:replace sewer lateral location: spruce st between clay st & washington st date/time: oct 8 thru 17, 2025 (mon-fri)7:00 am to 4:00 pm lane requirements: (to be kept open)  spruce st1@12'   reversible lane()walkways4' path t opencrosswalks4'",2025-10-08T07:00:00Z,2025-10-18T06:59:00Z,some-lanes-closed,static,,,,0,0,False,LineString,2
SF-258035-1520000-20251002,work-zone,26TH ST,unknown,"to perform:soil import  location: 26th st between shotwell st & south van ness ave date/time: oct 2 thru 10, 2025 (mon-fri)7:00 am to 8:00 pm  lane requirements: (to be kept open)  26th st1@12: ( eastbound ()1@12  r westboundnorth walkway4e path ) ope",2025-10-02T07:00:00Z,2025-10-11T06:59:00Z,some-lanes-closed,static,,,,0,0,False,LineString,3
TM-MTC-1382832,work-zone,CA-1 N,undefined,Caltrans : Long-term construction on CA-1 Northbound and Southbound south of Stewarts Point Skaggs Springs Rd (Unincorporated). One way traffic control is in effect. Expect delays.,2025-08-11T12:25:00Z,2025-10-15T01:00:00Z,unknown,static,,,,0,0,False,MultiPoint,2
TM-MTC-1382834,work-zone,CA-1 S,undefined,Caltrans : Long-term construction on CA-1 Northbound and Southbound south of Stewarts Point Skaggs Springs Rd (Unincorporated). One way traffic control is in effect. Expect delays.,2025-08-11T12:25:00Z,2025-10-14T23:00:00Z,unknown,static,,,,0,0,False,MultiPoint,2
SF-258091-8739101-20251007,work-zone,MARKET ST,undefined,"to perform:bart canopy no. 4 construction - embarcadero station location: market st, between beale and main st(s. date/time: oct 7 thru nov 5, 2025 (everyday)24 hours**work hours are 7:00 am to 5:00 pm lane requirements: (to be kept open)  market st1@",2025-10-07T07:00:00Z,2025-11-06T07:59:00Z,some-lanes-closed,static,,,,0,0,False,LineString,4
SF-257983-6366000-20250929,work-zone,GRANADA AVE,unknown,"to perform:gas line replacement - 35213585  location: granada ave between grafton & lakeview aves  date/time: sep 29 thru oct 24, 2025 (mon-fri) 8:00 am to 5:00 pm  lane requirements: (to be kept open)  granada ave 1@12' - reversible lane()walkways 4'",2025-09-29T07:00:00Z,2025-10-25T06:59:00Z,some-lanes-closed,static,,,,0,0,False,LineString,2
SF-256880-11642000-20250630,work-zone,SANTOS ST,unknown,no detail available,2025-06-30T07:00:00Z,2025-12-27T07:59:00Z,some-lanes-closed,static,,,,0,0,False,LineString,4
SF-257997-3183000-20251002,work-zone,BROADWAY,unknown,"to perform:replace water lateral 0 2780 broadway  location: broadway between broderick & divisadero sts date/time: oct 6 thru 16, 2025 (mon-fri)7:00 am to 5:00 pm lane requirements: (to be kept open)  broadway1@14r n reversible lane() walkways4' path",2025-10-02T07:00:00Z,2025-10-17T06:59:00Z,some-lanes-closed,static,,,,0,0,False,LineString,3
SF-257994-7592000-20251002,work-zone,JONES ST,unknown,"to perform:replace water lateral 0 2100 jones  location: jones st between filbert & greenwich sts date/time: oct 6 thru 16, 2025 (mon-fri)7:00 am to 5:00 pm lane requirements: (to be kept open)  jones st1@14u d reversible lane() walkways4' path   open",2025-10-02T07:00:00Z,2025-10-17T06:59:00Z,some-lanes-closed,static,,,,0,0,False,LineString,3
SF-257932-7980000-20250930,work-zone,LAGUNA ST,unknown,"to perform:replace water lateral i 3047 laguna st  location: laguna st between filbert & geenwich sts date/time: sep 30 thru oct 14, 2025 (mon-fri)7:00 am to 5:00 pm lane requirements: (to be kept open)  laguna stduring water service lateral work1@14e",2025-09-30T07:00:00Z,2025-10-15T06:59:00Z,some-lanes-closed,static,,,,0,0,False,LineString,3
SF-257936-5565000-20250930,work-zone,FILLMORE ST,unknown,"to perform:replace water lateral i 3212 fillmore st  location: fillmore st between greenwich & lombard sts date/time: sep 30 thru oct 14, 2025 (mon-fri)7:00 am to 4:00 pm lane requirements: (to be kept open)  fillmore st1@14e   reversible lane() walkw",2025-09-30T07:00:00Z,2025-10-15T06:59:00Z,some-lanes-closed,static,,,,0,0,False,LineString,4
SF-258047-8128000-20251006,work-zone,LARKIN ST,undefined,"to perform:vl 62 paving location: larkin st between mcallister st & otfarrell st date/time: oct 6 thru 10, 2025 (mon-fri)7:30 am to 5:00 pm lane requirements: (to be kept open)  larkin stmcallister to eddy1@10 & 1@12  o northbound() eddy to ellis1@12u",2025-10-06T07:00:00Z,2025-10-11T06:59:00Z,some-lanes-closed,static,,,,0,0,False,LineString,3
SF-258055-4818101-20251008,work-zone,DIVISADERO ST,undefined,"to perform:replace sewer lateral location: divisadero st between clay st & sacramento st date/time: oct 8 thru 10, 2025 (wed-fri)7:00 am to 4:00 pm lane requirements: (to be kept open)  divisadero stnorth of sacramento1@12' o reversible lane()south of",2025-10-08T07:00:00Z,2025-10-11T06:59:00Z,some-lanes-closed,static,,,,0,0,False,LineString,4
SJ-5899_NB,work-zone,MERIDIAN AV,northbound,Pavement resurfacing,2025-09-17T14:00:00Z,2025-10-22T14:00:00Z,some-lanes-closed,static,,,,0,0,False,LineString,3
SF-257960-13238000-20251010,work-zone,VICENTE ST,unknown,"to perform:pm 35646840-transformer installation  location: vicente st between forest side & madrone aves  date/time: oct 10, 2025 (fri) 7:00 am to 2:00 pm  lane requirements: (to be kept open)  vicente st 1@12' - reversible lane()walkways 4' path - op",2025-10-10T07:00:00Z,2025-10-11T06:59:00Z,some-lanes-closed,static,,,,0,0,False,LineString,4
SF-258052-13072000-20251008,work-zone,VALENCIA ST,unknown,"to perform:replace sewer lateral location: valencia st between 23rd st & 24th st date/time: oct 8 thru 17, 2025 (mon-fri)7:00 am to 4:00 pm lane requirements: (to be kept open)  valencia st1@11'   northbound()1@11' : southboundbike lanes1@5'a northbou",2025-10-08T07:00:00Z,2025-10-18T06:59:00Z,some-lanes-closed,static,,,,0,0,False,LineString,7
SF-258061-8779000-20251006,work-zone,MARNE AVE,unknown,"to perform:replace sewer main & concrete panel restoration location: marne ave between juanita way & miraloma dr date/time: oct 6 thru 17, 2025 (mon-fri)24 hrs lane requirements: (to be kept open)  marne ave7am-4pmclosed (detour)()4pm-7am (west concre",2025-10-06T07:00:00Z,2025-10-18T06:59:00Z,some-lanes-closed,static,,,,0,0,False,LineString,4
SF-258040-6812000-20251003,work-zone,HAYES ST,undefined,"to perform:loading/unloading event materials location: hayes st between larkin and polk sts date/time: oct 3, 2025 (fri)8:00 am to 11:59 pmoct 4 thru 27, 2025 (everyday)12:01 am to 11:59 pmoct 28, 2025 (tue)12:01 am to 6:00 pm lane requirements: (to b",2025-10-03T07:00:00Z,2025-10-29T06:59:00Z,some-lanes-closed,static,,,,0,0,False,LineString,9
SF-257903-13159101-20250929,work-zone,VAN NESS AVE,undefined,"to perform:deliveries via truck location: van ness ave between clay & sacramento sts  date/time: sep 29 thru oct 9, 2025 (mon-thu) 6:00 am to 1:00 pm*oct 3 & 10, 2025 (fri) 6:00 am to 11:00 am**must end at 11:00 am on fridays lane requirements: (to be",2025-09-29T07:00:00Z,2025-10-11T06:59:00Z,some-lanes-closed,static,,,,0,0,False,LineString,4
SF-257954-5667000-20251006,work-zone,FOLSOM ST,undefined,"to perform:restoration - pm 47102527 tc-1  location: folsom st between 6th & 7th sts  date/time: oct 6 thru 10, 2025 (mon-fri) 6:00 am to 3:00 pm  lane requirements: (to be kept open)  folsom st 3@10   eastbound*()walkways 4' path - opencrosswalks 4'",2025-10-06T07:00:00Z,2025-10-11T06:59:00Z,some-lanes-closed,static,,,,0,0,False,LineString,2
SF-257891-3017000-20251006,work-zone,BORICA ST,unknown,"to perform:gas line replacement (tc 1c) o 35442777  location: borica st & urbano dr   northern intersection  date/time: oct 6 thru 17, 2025 (mon-fri) 8:00 am to 5:00 pm lane requirements: (to be kept open)  borica st1@12m r reversible lane()walkways4e",2025-10-06T07:00:00Z,2025-11-18T07:59:00Z,some-lanes-closed,static,,,,0,0,False,LineString,4
SJ-6210_WB,work-zone,SKYPORT DR,westbound,Pavement resurfacing,2025-09-17T14:00:00Z,2025-10-16T14:00:00Z,some-lanes-closed,static,,,,0,0,False,LineString,2
SF-1307327-167000-20251005,work-zone,3RD ST,undefined,,2025-10-05T07:01:00Z,2025-10-20T05:00:00Z,some-lanes-closed,static,,,,0,0,False,LineString,2
SF-257932-7979000-20250930,work-zone,LAGUNA ST,unknown,"to perform:replace water lateral i 3047 laguna st  location: laguna st between filbert & geenwich sts date/time: sep 30 thru oct 14, 2025 (mon-fri)7:00 am to 5:00 pm lane requirements: (to be kept open)  laguna stduring water service lateral work1@14e",2025-09-30T07:00:00Z,2025-10-15T06:59:00Z,some-lanes-closed,static,,,,0,0,False,LineString,3
SF-257954-5668000-20251006,work-zone,FOLSOM ST,undefined,"to perform:restoration - pm 47102527 tc-1  location: folsom st between 6th & 7th sts  date/time: oct 6 thru 10, 2025 (mon-fri) 6:00 am to 3:00 pm  lane requirements: (to be kept open)  folsom st 3@10   eastbound*()walkways 4' path - opencrosswalks 4'",2025-10-06T07:00:00Z,2025-10-11T06:59:00Z,some-lanes-closed,static,,,,0,0,False,LineString,2
SF-257954-5670000-20251006,work-zone,FOLSOM ST,undefined,"to perform:restoration - pm 47102527 tc-1  location: folsom st between 6th & 7th sts  date/time: oct 6 thru 10, 2025 (mon-fri) 6:00 am to 3:00 pm  lane requirements: (to be kept open)  folsom st 3@10   eastbound*()walkways 4' path - opencrosswalks 4'",2025-10-06T07:00:00Z,2025-10-11T06:59:00Z,some-lanes-closed,static,,,,0,0,False,LineString,2
SF-258068-365000-20251006,work-zone,07TH ST,undefined,"to perform:sewer lateral replacement  location: 7th st between market & mission sts date/time: oct 6 thru 10, 2025 (mon-fri)9:00 am to 4:00 pm lane requirements: (to be kept open)  7th stduring all phases of workmarket to stevensonfull roadway during",2025-10-06T07:00:00Z,2025-10-11T06:59:00Z,some-lanes-closed,static,,,,0,0,False,LineString,2
SF-257686-9875402-20250913,work-zone,OCTAVIA ST,undefined,"to perform:mobile crane picks and concrete pours location: octavia st between haight & rose sts date/time: sep 13 thru oct 12, 2025 (everyday)6:00 am to 3:00 pm  lane requirements: (to be kept open)  octavia st (frontage)closed o northbound ()full roa",2025-09-13T07:00:00Z,2025-10-13T06:59:00Z,some-lanes-closed,static,,,,0,0,False,LineString,5
SF-258047-8124000-20251006,work-zone,LARKIN ST,undefined,"to perform:vl 62 paving location: larkin st between mcallister st & o farrell st date/time: oct 6 thru 10, 2025 (mon-fri)7:30 am to 5:00 pm lane requirements: (to be kept open)  larkin stmcallister to eddy1@10 & 1@12e   northbound() eddy to ellis1@12",2025-10-06T07:00:00Z,2025-10-11T06:59:00Z,some-lanes-closed,static,,,,0,0,False,LineString,6
SF-257786-8751101-20250914,work-zone,MARKET ST,undefined,"to perform:bart canopy no. 20 construction r civic center station location: market st. between 7th and 8th sts. date/time: sept 14 thru oct 13, 2025 (everyday)24 hours**work hours are 7:00 am to 5:00 pm lane requirements: (to be kept open)  market st.",2025-09-14T07:00:00Z,2025-10-14T06:59:00Z,some-lanes-closed,static,,,,0,0,False,LineString,4
SF-257787-8742202-20250915,work-zone,MARKET ST,undefined,"to perform:bart canopy no. 8 construction - montgomery station location: market st. between 2nd and sutter sts. date/time: sep 15 thru oct 14, 2025 (everyday)24 hours**work hours are 7:00 am to 5:00 pm lane requirements: (to be kept open)  market st.1",2025-09-15T07:00:00Z,2025-10-15T06:59:00Z,some-lanes-closed,static,,,,0,0,False,LineString,2
SF-258062-12706000-20251006,work-zone,TUCKER AVE,unknown,"to perform:repair sewer main location: tucker ave between delta st & rutland st date/time: oct 6 thru 17, 2025 (mon-fri)7:00 am to 4:00 pm lane requirements: (to be kept open)  tucker aveclosed (detour)()walkways4' path   opencrosswalks4' path r openc",2025-10-06T07:00:00Z,2025-10-18T06:59:00Z,some-lanes-closed,static,,,,0,0,False,LineString,5
TM-251010MY0079-1409059,work-zone,US-101 N,northbound,CHP : Traffic Hazard on US-101 Northbound at Coyote Creek Golf Dr (San Jose). Left lane affected. Expect delays.,2025-10-10T15:10:53Z,2025-10-11T06:59:59Z,unknown,static,,,,0,0,False,MultiPoint,2
SF-257786-8750203-20250914,work-zone,MARKET ST,undefined,"to perform:bart canopy no. 20 construction r civic center station location: market st. between 7th and 8th sts. date/time: sept 14 thru oct 13, 2025 (everyday)24 hours**work hours are 7:00 am to 5:00 pm lane requirements: (to be kept open)  market st.",2025-09-14T07:00:00Z,2025-10-14T06:59:00Z,some-lanes-closed,static,,,,0,0,False,LineString,3
SF-1307327-169000-20251005,work-zone,3RD ST,undefined,,2025-10-05T07:01:00Z,2025-10-20T05:00:00Z,some-lanes-closed,static,,,,0,0,False,LineString,2
SF-256463-11643000-20250528,work-zone,SANTOS ST,unknown,no detail available,2025-05-28T07:00:00Z,2025-11-24T07:59:00Z,some-lanes-closed,static,,,,0,0,False,LineString,4
SF-258095-10816101-20251010,work-zone,QUESADA AVE,undefined,"to perform:mobile crane lift  location: quesada ave between 3rd & newhall sts  date/time: oct 10, 2025 (fri) 6:00 pm to 11:59 pm  lane requirements: (to be kept open)  quesada avesouth roadway road closednorth roadway full roadway()walkways 4' path -",2025-10-10T07:00:00Z,2025-10-11T06:59:00Z,some-lanes-closed,static,,,,0,0,False,LineString,4
SF-257935-3982000-20250930,work-zone,CHESTNUT ST,unknown,"to perform:replace water lateral i 2340 chestnut st  location: chestnut st between divisadero & scott sts date/time: sep 30 thru oct 14, 2025 (mon-fri)7:00 am to 4:00 pm lane requirements: (to be kept open)  chestnut st1@144   reversible lane() walkwa",2025-09-30T07:00:00Z,2025-10-15T06:59:00Z,some-lanes-closed,static,,,,0,0,False,LineString,7
SF-258069-5444000-20251006,work-zone,FELL ST,undefined,"to perform:water service replacement   550/535 fell st location: fell st between buchanan & laguna sts date/time: oct 6 thru 10, 2025 (mon-fri)7:00 am to 2:00 pm lane requirements: (to be kept open)  fell st2@10  t westbound()walkways4d path u open cr",2025-10-06T07:00:00Z,2025-10-21T06:59:00Z,some-lanes-closed,static,,,,0,0,False,LineString,4
SF-257718-1628000-20250911,work-zone,29TH ST,unknown,"to perform:3300 mission 5 mobile crane operations location: 29th st between mission st & tiffany ave  date/time: sep 11 thru oct 10, 2025 (mon-sat) 7:00 am to 4:00 pm lane requirements: (to be kept open)  29th st 1@11k a eastbound () 1@11r s westbound",2025-09-11T07:00:00Z,2025-10-11T06:59:00Z,some-lanes-closed,static,,,,0,0,False,LineString,2
SF-258068-366001-20251006,work-zone,07TH ST,undefined,"to perform:sewer lateral replacement  location: 7th st between market & mission sts date/time: oct 6 thru 10, 2025 (mon-fri)9:00 am to 4:00 pm lane requirements: (to be kept open)  7th stduring all phases of workmarket to stevensonfull roadway during",2025-10-06T07:00:00Z,2025-10-11T06:59:00Z,some-lanes-closed,static,,,,0,0,False,LineString,2
SF-257986-11152001-20251001,work-zone,ROSE ST,undefined,"to perform:additional street space (convert rose to one-way westbound)additional street space footprint (lane shift around worksite on the south side of rose) location: rose st between gough & octavia sts date/time: oct 1 thru 12, 2025 (everyday) 24 ho",2025-10-01T07:00:00Z,2025-10-13T06:59:00Z,some-lanes-closed,static,,,,0,0,False,LineString,5
SF-257910-4121000-20250929,work-zone,CLAY ST,unknown,"to perform:gas line replacement r 35190963 location: clay st between laurel & walnut sts date/time: sep 29 thru oct 10, 2025 (mon-fri) 8:00 am to 5:00 pm lane requirements: (to be kept open)  clay st250  section 1@12e e reversible lane ()all other loc",2025-09-29T07:00:00Z,2025-10-11T06:59:00Z,some-lanes-closed,static,,,,0,0,False,LineString,2
SF-258082-1192000-20251010,work-zone,22ND ST,unknown,no detail available,2025-10-10T07:00:00Z,2025-10-11T06:59:00Z,some-lanes-closed,static,,,,0,0,False,LineString,5
SF-257686-9875201-20250913,work-zone,OCTAVIA ST,undefined,"to perform:mobile crane picks and concrete pours location: octavia st between haight & rose sts date/time: sep 13 thru oct 12, 2025 (everyday)6:00 am to 3:00 pm  lane requirements: (to be kept open)  octavia st (frontage)closed   northbound ()full roa",2025-09-13T07:00:00Z,2025-10-13T06:59:00Z,some-lanes-closed,static,,,,0,0,False,LineString,5
TM-C1BC-0007-2025-10-10-07-01-00,work-zone,SR-1,undefined,,2025-10-10T14:01:00Z,2025-10-10T23:59:00Z,unknown,static,,447.081,447.081,0,0,True,LineString,78
SF-256879-5683000-20250630,work-zone,FOLSOM ST,unknown,"to perform:folsom streetscape e post tow away for temporary bus stop location: folsom st., south side, between norfolk and 12th sts. (1539-1585 folsom sts) date/time:  jun 30 thru dec 30, 2025 (everyday)24 hours  lane requirements: (to be kept open)",2025-06-30T07:00:00Z,2025-12-31T07:59:00Z,some-lanes-closed,static,,,,0,0,False,LineString,8
SF-257810-13127000-20251006,work-zone,VALLEY ST,unknown,"to perform:gas line replacement 0 35057361 (tc 4) location: valley st between church & sanchez sts  date/time: oct 6 thru 10, 2025 (mon-fri)8:00 am to 4:00 pm  lane requirements: (to be kept open)  valley stsanchez to 150w east1@12v s reversible lane(",2025-10-06T07:00:00Z,2025-10-11T06:59:00Z,some-lanes-closed,static,,,,0,0,False,LineString,6
SF-257858-13026000-20250922,work-zone,URBANO DR,unknown,"to perform:gas line replacement 0 35442777 (tc-19, 9w, 9e, 8) location: urbano dr (northern block) between victoria & corona sts  date/time: sep 22 thru oct 10 (mon-fri) 8:00 am to 4:00 pm lane requirements: (to be kept open)  urbano dr175k section 1@",2025-09-22T07:00:00Z,2025-10-11T06:59:00Z,some-lanes-closed,static,,,,0,0,False,LineString,2
SF-257891-3018000-20251006,work-zone,BORICA ST,unknown,"to perform:gas line replacement (tc 1c) o 35442777  location: borica st & urbano dr a northern intersection  date/time: oct 6 thru 17, 2025 (mon-fri) 8:00 am to 5:00 pm lane requirements: (to be kept open)  borica st1@120   reversible lane()walkways4t",2025-10-06T07:00:00Z,2025-11-18T07:59:00Z,some-lanes-closed,static,,,,0,0,False,LineString,4
SF-257925-7978000-20250930,work-zone,LAGUNA ST,unknown,"to perform:replace water lateral i 2947 laguna st  location: laguna st between filbert & union sts date/time: sep 30 thru oct 14, 2025 (mon-fri)7:00 am to 5:00 pm lane requirements: (to be kept open)  laguna stduring water service lateral work1@14  p",2025-09-30T07:00:00Z,2025-10-15T06:59:00Z,some-lanes-closed,static,,,,0,0,False,LineString,5
SF-258078-9963000-20251006,work-zone,ORANGE ALY,unknown,"to perform:exterior framing location: orange aly between 24th st & 25th st date/time: oct 6 thru 10, 2025 (mon-fri) 7:00 am to 4:00 pm  lane requirements: (to be kept open)  orange aly24th st to 75  south closed (detour)() rest of block full roadwaywa",2025-10-06T07:00:00Z,2025-10-11T06:59:00Z,some-lanes-closed,static,,,,0,0,False,LineString,2
SF-258035-1521000-20251002,work-zone,26TH ST,unknown,"to perform:soil import  location: 26th st between shotwell st & south van ness ave date/time: oct 2 thru 10, 2025 (mon-fri)7:00 am to 8:00 pm  lane requirements: (to be kept open)  26th st1@12  
 eastbound ()1@12: ( westboundnorth walkway4e path   ope",2025-10-02T07:00:00Z,2025-10-11T06:59:00Z,some-lanes-closed,static,,,,0,0,False,LineString,3
SF-257759-4630000-20250926,work-zone,DE HARO ST,unknown,"to perform:dsm piles & temporary/permanent power tie-in location: de haro st between 16th st & 17th st date/time: sep 26 thru oct 26, 2025 (everyday)7:00 am to 6:00 pm lane requirements: (to be kept open)  de haro st1@12: ( northbound ()1@122 t southb",2025-09-26T07:00:00Z,2025-10-27T06:59:00Z,some-lanes-closed,static,,,,0,0,False,LineString,6
SF-258005-2878000-20251009,work-zone,BECKETT ST,undefined,"to perform:excavate to replace water service  location: beckett st between jackson st & pacfic ave date/time: oct 9 thru 23, 2025 (mon-fri) 7:00 am to 4:00 pm  lane requirements: (to be kept open)  beckett stmidblock closed (detour)()rest of block 1@1",2025-10-09T07:00:00Z,2025-10-24T06:59:00Z,some-lanes-closed,static,,,,0,0,False,LineString,2
SF-257811-11537000-20251006,work-zone,SANCHEZ ST,unknown,"to perform:gas line replacement 0 35057361 (tc 5 & 6) location: sanchez st between 28th & valley sts  date/time: oct 6 thru 10, 2025 (mon-fri)8:00 am to 4:00 pm  lane requirements: (to be kept open)  sanchez st210r maximum1@12b   reversible lane():all",2025-10-06T07:00:00Z,2025-10-11T06:59:00Z,some-lanes-closed,static,,,,0,0,False,LineString,3
SF-257933-6572000-20250929,work-zone,GROVE ST,unknown,"to perform:replace sewer lateral location: grove st between cole st & shrader st date/time: sep 29 thru oct 10, 2025 (mon-fri)7:00 am to 4:00 pm lane requirements: (to be kept open)  grove stclosed (detour)()walkways4' path ( opencrosswalks4' path   o",2025-09-29T07:00:00Z,2025-10-11T06:59:00Z,some-lanes-closed,static,,,,0,0,False,LineString,4
SF-257719-1628000-20250911,work-zone,29TH ST,unknown,"to perform:3300 mission - additional street space footprint (shift lanes) location: 29th st between mission st & tiffany ave  date/time: sep 11 thru oct 10, 2025 (everyday) 24 hours lane requirements: (to be kept open)  29th st 1@12c f eastbound () 1@",2025-09-11T07:00:00Z,2025-10-11T06:59:00Z,some-lanes-closed,static,,,,0,0,False,LineString,2
SF-257954-5671000-20251006,work-zone,FOLSOM ST,undefined,"to perform:restoration - pm 47102527 tc-1  location: folsom st between 6th & 7th sts  date/time: oct 6 thru 10, 2025 (mon-fri) 6:00 am to 3:00 pm  lane requirements: (to be kept open)  folsom st 3@10 o eastbound*()walkways 4' path - opencrosswalks 4'",2025-10-06T07:00:00Z,2025-10-11T06:59:00Z,some-lanes-closed,static,,,,0,0,False,LineString,2
SF-257954-5669000-20251006,work-zone,FOLSOM ST,undefined,"to perform:restoration - pm 47102527 tc-1  location: folsom st between 6th & 7th sts  date/time: oct 6 thru 10, 2025 (mon-fri) 6:00 am to 3:00 pm  lane requirements: (to be kept open)  folsom st 3@10   eastbound*()walkways 4' path - opencrosswalks 4'",2025-10-06T07:00:00Z,2025-10-11T06:59:00Z,some-lanes-closed,static,,,,0,0,False,LineString,2
SF-258047-8129000-20251006,work-zone,LARKIN ST,undefined,"to perform:vl 62 paving location: larkin st between mcallister st & oofarrell st date/time: oct 6 thru 10, 2025 (mon-fri)7:30 am to 5:00 pm lane requirements: (to be kept open)  larkin stmcallister to eddy1@10 & 1@12  s northbound() eddy to ellis1@12e",2025-10-06T07:00:00Z,2025-10-11T06:59:00Z,some-lanes-closed,static,,,,0,0,False,LineString,4
SF-258060-5616000-20251006,work-zone,FLORENTINE AVE,undefined,"to perform:repair sewer main location: florentine st between brunswick st & morse st date/time: oct 6 thru 17, 2025 (mon-fri)7:00 am to 4:00 pm lane requirements: (to be kept open)  florentine stclosed (detour)()walkways4' path t opencrosswalks4' path",2025-10-06T07:00:00Z,2025-10-18T06:59:00Z,some-lanes-closed,static,,,,0,0,False,LineString,2
SF-258053-5382000-20251006,work-zone,FAIR OAKS ST,unknown,"to perform:repair sewer lateral location: fair oaks st between 22nd st & 23rd st date/time: oct 6 thru 17, 2025 (mon-fri)7:00 am to 4:00 pm lane requirements: (to be kept open)  fair oaks stclosed (detour)()walkways4' path r opencrosswalks4' path   op",2025-10-06T07:00:00Z,2025-10-18T06:59:00Z,some-lanes-closed,static,,,,0,0,False,LineString,7
SF-257686-9876101-20250913,work-zone,OCTAVIA ST,undefined,"to perform:mobile crane picks and concrete pours location: octavia st between haight & rose sts date/time: sep 13 thru oct 12, 2025 (everyday)6:00 am to 3:00 pm  lane requirements: (to be kept open)  octavia st (frontage)closed r northbound ()full roa",2025-09-13T07:00:00Z,2025-10-13T06:59:00Z,some-lanes-closed,static,,,,0,0,False,LineString,3
SF-257758-709000-20250926,work-zone,16TH ST,unknown,"to perform:dsm piles & temporary/permanent power tie-in location: 16th st between de haro & rhode island sts date/time: sep 26 thru oct 26, 2025 (everyday)7:00 am to 6:00 pm lane requirements: (to be kept open)  16th st2@10s t eastbound()2@10@ 2 westb",2025-09-26T07:00:00Z,2025-10-27T06:59:00Z,some-lanes-closed,static,,,,0,0,False,LineString,8
SF-257728-8629000-20250922,work-zone,MAIN ST,undefined,"to perform:excavation for waterline connection location: main street, between folsom & howard st s date/time: sep 22 thru oct 10, 2025 (mon-fri)7:00 am to 5:00 pm lane requirements: (to be kept open)  main st1@11
 a northbound()west sidewalkclosed*cro",2025-09-22T07:00:00Z,2025-10-11T06:59:00Z,some-lanes-closed,static,,,,0,0,False,LineString,2
SJ-4961_SB,work-zone,GRIDLEY ST,southbound,Utility potholing,2025-04-01T15:15:00Z,2026-02-01T00:15:00Z,all-lanes-open-shift-right,static,,,,0,0,False,LineString,6
SF-258055-4817201-20251008,work-zone,DIVISADERO ST,undefined,"to perform:replace sewer lateral location: divisadero st between clay st & sacramento st date/time: oct 8 thru 10, 2025 (wed-fri)7:00 am to 4:00 pm lane requirements: (to be kept open)  divisadero stnorth of sacramento1@12' ) reversible lane()south of",2025-10-08T07:00:00Z,2025-10-11T06:59:00Z,some-lanes-closed,static,,,,0,0,False,LineString,4
SF-258048-11799000-20251004,work-zone,SHAWNEE AVE,unknown,"to perform:2 pole replacements location: shawnee ave between delano & san jose aves  date/time: oct 4 & 11, 2025 (sat) 8:00 am to 4:00 pm  lane requirements: (to be kept open)  shawnee ave 1@12' - reversible lane()north sidewalk closedsouth sidewalk 4",2025-10-04T07:00:00Z,2025-10-12T06:59:00Z,some-lanes-closed,static,,,,0,0,False,LineString,4
SF-257890-13026000-20251006,work-zone,URBANO DR,unknown,"to perform:gas line replacement (tc 3) t 35442777  location: urbano dr (northern block) between borica & corona sts date/time: oct 6 thru 17, 2025 (mon-fri) 8:00 am to 5:00 pm lane requirements: (to be kept open)  urbano dr1@12h - reversible lane()wal",2025-10-06T07:00:00Z,2025-11-18T07:59:00Z,some-lanes-closed,static,,,,0,0,False,LineString,2
SF-257929-6643000-20250929,work-zone,HAMILTON ST,unknown,"to perform:replace sewer main & concrete panel restoration location: hamilton st between delta st & mansell st date/time: oct 1 thru 4, 2025 (wed-sat)24 hrs lane requirements: (to be kept open)  hamilton st7am-4pmclosed (detour)()4pm-7am (west concret",2025-09-29T07:00:00Z,2025-10-11T06:59:00Z,some-lanes-closed,static,,,,0,0,False,LineString,5
SF-257996-13129000-20251002,work-zone,VALLEY ST,unknown,"to perform:replace water lateral 0 448 valley  location: valley st between castro & noe sts date/time: oct 6 thru 16, 2025 (mon-fri)7:00 am to 5:00 pm lane requirements: (to be kept open)  valley st1@14e t reversible lane() walkways4' path u opencross",2025-10-02T07:00:00Z,2025-10-17T06:59:00Z,some-lanes-closed,static,,,,0,0,False,LineString,3
SF-257891-3016000-20251006,work-zone,BORICA ST,unknown,"to perform:gas line replacement (tc 1c) o 35442777  location: borica st & urbano dr e northern intersection  date/time: oct 6 thru 17, 2025 (mon-fri) 8:00 am to 5:00 pm lane requirements: (to be kept open)  borica st1@12d c reversible lane()walkways4e",2025-10-06T07:00:00Z,2025-11-18T07:59:00Z,some-lanes-closed,static,,,,0,0,False,LineString,4
SF-258076-9064000-20251010,work-zone,MINT ST,unknown,"to perform:loading and unloading in a tow-away zone location: mint st between jessie and mission sts date/time: oct 10 thru 16, 2025 (mon-fri)6:00 am to 10:00 pm  lane requirements: (to be kept open)  mint st.1@12) - northbound()1@12o - southboundwalk",2025-10-10T07:00:00Z,2025-10-17T06:59:00Z,some-lanes-closed,static,,,,0,0,False,LineString,4
SF-258092-8629000-20251006,work-zone,MAIN ST,undefined,"to perform:waterline connection work location: main st, between folsom & howard stss date/time: oct 6 thru 24, 2025 (mon-fri)7:00 am to 5:00 pm lane requirements: (to be kept open)  main stfolsom st to 385r northerly1@12  d northbound ()385l north of",2025-10-06T07:00:00Z,2025-10-25T06:59:00Z,some-lanes-closed,static,,,,0,0,False,LineString,2
SF-258047-8123000-20251006,work-zone,LARKIN ST,undefined,"to perform:vl 62 paving location: larkin st between mcallister st & o farrell st date/time: oct 6 thru 10, 2025 (mon-fri)7:30 am to 5:00 pm lane requirements: (to be kept open)  larkin stmcallister to eddy1@10 & 1@12t s northbound() eddy to ellis1@12f",2025-10-06T07:00:00Z,2025-10-11T06:59:00Z,some-lanes-closed,static,,,,0,0,False,LineString,8
SF-258042-4010000-20251004,work-zone,CHURCH ST,unknown,"to perform:227 church interior renovations  location: church st between 15th & market sts date/time: oct 4 thru nov 3, 2025 (mon-fri)9:30 am to 3:30 pm lane requirements: (to be kept open)  church st1@11u s northbound* ()market to 210k south1@12  o so",2025-10-04T07:00:00Z,2025-11-04T07:59:00Z,some-lanes-closed,static,,,,0,0,False,LineString,2
SJ-6210_EB,work-zone,SKYPORT DR,eastbound,Pavement resurfacing,2025-09-17T14:00:00Z,2025-10-16T14:00:00Z,some-lanes-closed,static,,,,0,0,False,LineString,2
SF-258047-8125000-20251006,work-zone,LARKIN ST,undefined,"to perform:vl 62 paving location: larkin st between mcallister st & owfarrell st date/time: oct 6 thru 10, 2025 (mon-fri)7:30 am to 5:00 pm lane requirements: (to be kept open)  larkin stmcallister to eddy1@10 & 1@12s d northbound() eddy to ellis1@12o",2025-10-06T07:00:00Z,2025-10-11T06:59:00Z,some-lanes-closed,static,,,,0,0,False,LineString,5
SF-257858-13032000-20250922,work-zone,URBANO DR,unknown,"to perform:gas line replacement 0 35442777 (tc-19, 9w, 9e, 8) location: urbano dr (northern block) between victoria & corona sts  date/time: sep 22 thru oct 10 (mon-fri) 8:00 am to 4:00 pm lane requirements: (to be kept open)  urbano dr175t section 1@",2025-09-22T07:00:00Z,2025-10-11T06:59:00Z,some-lanes-closed,static,,,,0,0,False,LineString,8
SF-256880-11643000-20250630,work-zone,SANTOS ST,unknown,no detail available,2025-06-30T07:00:00Z,2025-12-27T07:59:00Z,some-lanes-closed,static,,,,0,0,False,LineString,4
SF-258047-8126000-20251006,work-zone,LARKIN ST,undefined,"to perform:vl 62 paving location: larkin st between mcallister st & oofarrell st date/time: oct 6 thru 10, 2025 (mon-fri)7:30 am to 5:00 pm lane requirements: (to be kept open)  larkin stmcallister to eddy1@10 & 1@12  s northbound() eddy to ellis1@12e",2025-10-06T07:00:00Z,2025-10-11T06:59:00Z,some-lanes-closed,static,,,,0,0,False,LineString,3
SF-258072-5776000-20251006,work-zone,FRANCISCO ST,unknown,"to perform:repair sewer main location: francisco st between broderick st & divisadero st date/time: oct 6 thru 17, 2025 (mon-fri)7:00 am to 4:00 pm lane requirements: (to be kept open)  francisco stclosed (detour)()walkways4' path 0 opencrosswalks4' p",2025-10-06T07:00:00Z,2025-10-18T06:59:00Z,some-lanes-closed,static,,,,0,0,False,LineString,7
SJ-5029_SB,work-zone,RINGWOOD,southbound,Delivery of construction materials,2024-04-01T17:15:00Z,2027-04-30T19:00:00Z,all-lanes-open-shift-right,static,,,,0,0,False,LineString,6
SF-1307327-166000-20251005,work-zone,03RD ST,undefined,,2025-10-05T07:01:00Z,2025-10-20T05:00:00Z,some-lanes-closed,static,,,,0,0,False,LineString,2
TM-C128DA-0001-2025-09-08-07-01-00,work-zone,SR-128,unknown,,2025-09-08T14:01:00Z,2025-10-31T22:01:00Z,unknown,static,,68.489,68.489,0,0,True,LineString,70
SF-1307327-5663000-20251005,work-zone,FOLSOM ST,undefined,,2025-10-05T07:01:00Z,2025-10-20T05:00:00Z,some-lanes-closed,static,,,,0,0,False,LineString,2
SF-1288540-4312000-20251010,work-zone,COMMERCIAL ST,undefined,,2025-10-10T14:00:00Z,2025-10-11T05:00:00Z,all-lanes-closed,static,,,,0,0,False,LineString,3
SF-1228938-5869000-20251010,work-zone,FRONT ST,undefined,,2025-10-10T14:00:00Z,2025-10-11T06:59:00Z,all-lanes-closed,static,,,,0,0,False,LineString,4
SJ-4685_WB,work-zone,BLOSSOM HILL RD,westbound,"Curb, gutter, and sidewalk construction",2024-01-15T17:00:00Z,2025-11-24T23:45:00Z,some-lanes-closed-merge-right,static,,,,0,0,False,LineString,3
SJ-3230_NB,work-zone,RUBY AVE,northbound,Street improvements,2024-01-01T16:00:00Z,2026-01-01T01:00:00Z,some-lanes-closed-merge-right,static,,,,0,0,False,LineString,5
SJ-18_PT_EB,work-zone,"RACE STREET, GRAND AVE",eastbound,Installation of utility services,2024-02-01T17:00:00Z,2026-03-03T01:00:00Z,all-lanes-open,static,,,,0,0,False,MultiPoint,1
SJ-4685_EB,work-zone,BLOSSOM HILL RD,eastbound,"Curb, gutter, and sidewalk construction",2024-01-15T17:00:00Z,2025-11-24T23:45:00Z,some-lanes-closed-merge-right,static,,,,0,0,False,LineString,3
SJ-4690_WB,work-zone,KEYES ST,westbound,Other/Not Listed,2023-10-31T22:30:00Z,2026-11-30T23:30:00Z,all-lanes-open-shift-right,static,,,,0,0,False,LineString,2
SJ-18_PT_WB,work-zone,"RACE STREET, GRAND AVE",westbound,Installation of utility services,2024-02-01T17:00:00Z,2026-03-03T01:00:00Z,all-lanes-open,static,,,,0,0,False,MultiPoint,1
SJ-4691_NB,work-zone,BASCOM AVE,northbound,Other/Not Listed,2024-06-30T22:30:00Z,2025-12-31T23:30:00Z,some-lanes-closed-merge-right,static,,,,0,0,False,LineString,3
SJ-4446_EB,work-zone,"MOORPARK, MONROE",eastbound,Traffic signal modification work,2024-05-31T16:00:00Z,2025-10-31T22:30:00Z,all-lanes-open-shift-right,static,,,,0,0,False,LineString,5
SF-257734-12370000-20251006,work-zone,TALBERT ST,unknown,"to perform:spot paving restoration 35095331 (phase 1 & 2) location: talbert st between sunnydale & visitacion aves date/time: oct 6 thru 10, 2025 (mon-fri)8:00 am to 5:00 pm  lane requirements: (to be kept open)  talbert st1@12l n reversible lane()wal",2025-10-06T07:00:00Z,2025-10-11T06:59:00Z,some-lanes-closed,static,,,,0,0,False,LineString,4
SF-1288540-8290000-20251010,work-zone,LEIDESDORFF ST,undefined,,2025-10-10T14:00:00Z,2025-10-11T05:00:00Z,all-lanes-closed,static,,,,0,0,False,LineString,2
SJ-4262_SB,work-zone,EDEN PARK,southbound,Other/Not Listed,2024-07-23T16:00:00Z,2026-07-20T22:00:00Z,some-lanes-closed-merge-right,static,,,,0,0,False,LineString,6
SJ-4694_SB,work-zone,BRASILLA WAY,southbound,Other/Not Listed,2024-08-01T16:00:00Z,2027-06-30T23:00:00Z,unknown,static,,,,0,0,False,LineString,3
TM-MTC-1399949,work-zone,I-80 W,westbound,Caltrans : Long-term construction on I-80 Westbound exiting at Appian Way (Pinole). Left lane closed. Expect delays.,2025-09-19T20:16:00Z,2026-02-27T14:00:00Z,some-lanes-closed,static,,,,0,0,False,MultiPoint,2
SF-257852-2865000-20250919,work-zone,BEALE ST,undefined,"to perform:bulbout/sidewalk work location: beale st, between folsom & howard stts date/time: sep 19 thru oct 17, 2025 (mon-fri)7:00 am to 5:00 pm lane requirements: (to be kept open)  beale st2@120 p southbound ()east sidewalk4  path - opencross sttsf",2025-09-19T07:00:00Z,2025-10-18T06:59:00Z,some-lanes-closed,static,,,,0,0,False,LineString,8
SF-257895-5288000-20250922,work-zone,EUCLID AVE,unknown,"to perform:for storage area  location: euclid ave (north side), from 25  to 125d west of presidio ave(toward masonic ave) date/time: sep 22 thru oct 21, 2025 (everyday)12:01 am to 11:59 pm lane requirements: (to be kept open)  euclid avefull roadway @",2025-09-22T07:00:00Z,2025-10-22T06:59:00Z,some-lanes-closed,static,,,,0,0,False,LineString,8
SF-257936-5566000-20250930,work-zone,FILLMORE ST,unknown,"to perform:replace water lateral i 3212 fillmore st  location: fillmore st between greenwich & lombard sts date/time: sep 30 thru oct 14, 2025 (mon-fri)7:00 am to 4:00 pm lane requirements: (to be kept open)  fillmore st1@14t   reversible lane() walkw",2025-09-30T07:00:00Z,2025-10-15T06:59:00Z,some-lanes-closed,static,,,,0,0,False,LineString,5
SF-257858-13024000-20250922,work-zone,URBANO DR,unknown,"to perform:gas line replacement 0 35442777 (tc-19, 9w, 9e, 8) location: urbano dr (northern block) between victoria & corona sts  date/time: sep 22 thru oct 10 (mon-fri) 8:00 am to 4:00 pm lane requirements: (to be kept open)  urbano dr175o section 1@",2025-09-22T07:00:00Z,2025-10-11T06:59:00Z,some-lanes-closed,static,,,,0,0,False,LineString,3
SF-257852-2864002-20250919,work-zone,BEALE ST,undefined,"to perform:bulbout/sidewalk work location: beale st, between folsom & howard stes date/time: sep 19 thru oct 17, 2025 (mon-fri)7:00 am to 5:00 pm lane requirements: (to be kept open)  beale st2@12s   southbound ()east sidewalk4s path - opencross st sf",2025-09-19T07:00:00Z,2025-10-18T06:59:00Z,some-lanes-closed,static,,,,0,0,False,LineString,4
SF-257787-8742201-20250915,work-zone,MARKET ST,undefined,"to perform:bart canopy no. 8 construction - montgomery station location: market st. between 2nd and sutter sts. date/time: sep 15 thru oct 14, 2025 (everyday)24 hours**work hours are 7:00 am to 5:00 pm lane requirements: (to be kept open)  market st.1",2025-09-15T07:00:00Z,2025-10-15T06:59:00Z,some-lanes-closed,static,,,,0,0,False,LineString,3
TM-C116HA-0002-2025-09-23-21-01-00-1401827,work-zone,CA-116,undefined,Caltrans : Long-term construction on CA-116 Eastbound and Westbound at Bohemian Hwy (Monte Rio). Lane closed. One way traffic control in effect.,2025-09-24T04:01:00Z,2026-11-30T16:59:00Z,some-lanes-closed,static,,,,0,0,False,LineString,6
SF-257942-12148000-20250930,work-zone,STEINER ST,unknown,"to perform:replace water lateral i 2800 steiner st location: steiner st between green & vallejo sts date/time: sep 30 thru oct 14, 2025 (mon-fri)7:00 am to 5:00 pm lane requirements: (to be kept open)  steiner st1@14  s reversible lane() walkways4' pa",2025-09-30T07:00:00Z,2025-10-15T06:59:00Z,some-lanes-closed,static,,,,0,0,False,LineString,7
SF-256880-11644000-20250630,work-zone,SANTOS ST,unknown,no detail available,2025-06-30T07:00:00Z,2025-12-27T07:59:00Z,some-lanes-closed,static,,,,0,0,False,LineString,6
SJ-4693_SB,work-zone,RAICH DR,southbound,Street improvements,2023-04-05T03:00:00Z,2026-02-15T04:00:00Z,some-lanes-closed-merge-right,static,,,,0,0,False,LineString,19
SF-256463-11642000-20250528,work-zone,SANTOS ST,unknown,no detail available,2025-05-28T07:00:00Z,2025-11-24T07:59:00Z,some-lanes-closed,static,,,,0,0,False,LineString,4
SF-1228938-5870000-20251010,work-zone,FRONT ST,undefined,,2025-10-10T14:00:00Z,2025-10-11T06:59:00Z,all-lanes-closed,static,,,,0,0,False,LineString,3
SF-256463-11641000-20250528,work-zone,SANTOS ST,unknown,no detail available,2025-05-28T07:00:00Z,2025-11-24T07:59:00Z,some-lanes-closed,static,,,,0,0,False,LineString,6
SF-257786-8750202-20250914,work-zone,MARKET ST,undefined,"to perform:bart canopy no. 20 construction r civic center station location: market st. between 7th and 8th sts. date/time: sept 14 thru oct 13, 2025 (everyday)24 hours**work hours are 7:00 am to 5:00 pm lane requirements: (to be kept open)  market st.",2025-09-14T07:00:00Z,2025-10-14T06:59:00Z,some-lanes-closed,static,,,,0,0,False,LineString,2
SF-257786-8750201-20250914,work-zone,MARKET ST,undefined,"to perform:bart canopy no. 20 construction r civic center station location: market st. between 7th and 8th sts. date/time: sept 14 thru oct 13, 2025 (everyday)24 hours**work hours are 7:00 am to 5:00 pm lane requirements: (to be kept open)  market st.",2025-09-14T07:00:00Z,2025-10-14T06:59:00Z,some-lanes-closed,static,,,,0,0,False,LineString,3
SF-257897-3016000-20251006,work-zone,BORICA ST,unknown,"to perform:gas line replacement (tc 2) t 35442777  location: borica st & urbano dr i northern intersection  date/time: oct 6 thru 17, 2025 (mon-fri) 8:00 am to 5:00 pm lane requirements: (to be kept open)  borica stfull roadway()walkways4  path h open",2025-10-06T07:00:00Z,2025-10-18T06:59:00Z,some-lanes-closed,static,,,,0,0,False,LineString,4
SF-257897-3018000-20251006,work-zone,BORICA ST,unknown,"to perform:gas line replacement (tc 2) t 35442777  location: borica st & urbano dr b northern intersection  date/time: oct 6 thru 17, 2025 (mon-fri) 8:00 am to 5:00 pm lane requirements: (to be kept open)  borica stfull roadway()walkways4n path e open",2025-10-06T07:00:00Z,2025-10-18T06:59:00Z,some-lanes-closed,static,,,,0,0,False,LineString,4
SF-257890-13029000-20251006,work-zone,URBANO DR,unknown,"to perform:gas line replacement (tc 3) t 35442777  location: urbano dr (northern block) between borica & corona sts date/time: oct 6 thru 17, 2025 (mon-fri) 8:00 am to 5:00 pm lane requirements: (to be kept open)  urbano dr1@12a h reversible lane()wal",2025-10-06T07:00:00Z,2025-11-18T07:59:00Z,some-lanes-closed,static,,,,0,0,False,LineString,2
SF-257897-3017000-20251006,work-zone,BORICA ST,unknown,"to perform:gas line replacement (tc 2) t 35442777  location: borica st & urbano dr n northern intersection  date/time: oct 6 thru 17, 2025 (mon-fri) 8:00 am to 5:00 pm lane requirements: (to be kept open)  borica stfull roadway()walkways4n path w open",2025-10-06T07:00:00Z,2025-10-18T06:59:00Z,some-lanes-closed,static,,,,0,0,False,LineString,4
SF-257858-13031000-20250922,work-zone,URBANO DR,unknown,"to perform:gas line replacement 0 35442777 (tc-19, 9w, 9e, 8) location: urbano dr (northern block) between victoria & corona sts  date/time: sep 22 thru oct 10 (mon-fri) 8:00 am to 4:00 pm lane requirements: (to be kept open)  urbano dr175( section 1@",2025-09-22T07:00:00Z,2025-10-11T06:59:00Z,some-lanes-closed,static,,,,0,0,False,LineString,2
SJ-3230_SB,work-zone,RUBY AVE,southbound,Street improvements,2024-01-01T16:00:00Z,2026-01-01T01:00:00Z,some-lanes-closed-merge-right,static,,,,0,0,False,LineString,5
SJ-4386_EB,work-zone,ALUM ROCK AVE,eastbound,Installation of utility services,2024-09-03T16:00:00Z,2027-09-30T22:30:00Z,some-lanes-closed-merge-right,static,,,,0,0,False,LineString,3
SJ-4259_SB,work-zone,SILVER CREEK VALLEY RD,southbound,Other/Not Listed,2024-07-22T16:00:00Z,2026-07-14T22:00:00Z,some-lanes-closed-merge-right,static,,,,0,0,False,LineString,5
SJ-4259_NB,work-zone,SILVER CREEK VALLEY RD,northbound,Other/Not Listed,2024-07-22T16:00:00Z,2026-07-14T22:00:00Z,some-lanes-closed-merge-right,static,,,,0,0,False,LineString,5
SJ-4260_NB,work-zone,HELLYER AVE,northbound,Delivery of construction materials,2024-07-22T16:00:00Z,2027-07-13T16:00:00Z,some-lanes-closed-merge-right,static,,,,0,0,False,LineString,12
TM-C80UB-0004-2023-06-22-23-01-00-1062583,work-zone,I-80 E,eastbound,Caltrans : Long-term construction on I-80 Eastbound exiting at Treasure Island Rd (San Francisco). Off Ramp closed until midnight.,2023-06-23T06:01:00Z,2027-01-01T07:59:00Z,unknown,static,,,,0,0,False,MultiPoint,2
SJ-5520_NB,work-zone,OLD OAKLAND RD,northbound,Installing bus pad,2025-05-19T15:00:00Z,2027-05-31T16:00:00Z,some-lanes-closed-merge-right,static,,,,0,0,False,LineString,2
SJ-5605_EB,work-zone,E SAN FERNANDO ST,eastbound,Delivery of construction materials,2025-06-06T16:00:00Z,2027-05-31T22:00:00Z,all-lanes-open,static,,,,0,0,False,LineString,3
SJ-6104_NB,work-zone,MERIDIAN AV,northbound,Pavement resurfacing,2025-09-17T14:00:00Z,2025-10-22T14:00:00Z,some-lanes-closed,static,,,,0,0,False,LineString,4
SJ-6208_SB,work-zone,NEWHALL STREET,southbound,Installation of utility services,2025-07-02T15:30:00Z,2025-12-01T01:00:00Z,all-lanes-open-shift-right,static,,,,0,0,False,LineString,14
SJ-6244_NB,work-zone,LINCOLN AV,northbound,Pavement resurfacing,2025-10-06T14:00:00Z,2025-11-03T15:00:00Z,some-lanes-closed,static,,,,0,0,False,LineString,3
SJ-4694_NB,work-zone,BRASILLA WAY,northbound,Other/Not Listed,2024-08-01T16:00:00Z,2027-06-30T23:00:00Z,unknown,static,,,,0,0,False,LineString,3
SJ-5898_SB,work-zone,MERIDIAN AV,southbound,Pavement resurfacing,2025-09-17T14:00:00Z,2025-10-22T14:00:00Z,some-lanes-closed,static,,,,0,0,False,LineString,4
SJ-5997_WB,work-zone,ALEX DR,westbound,Installation of utility services,2025-08-19T15:15:00Z,2025-11-08T00:15:00Z,some-lanes-closed-merge-right,static,,,,0,0,False,LineString,2
CC-1736818390004,work-zone,Willow Pass Road,undefined,"Construction work for sewer line replacement, sidewalk work, and paving on Willow Pass Rd from East St to Landana Dr.",2025-01-13T17:00:26Z,2025-11-21T23:00:51Z,some-lanes-closed,static,,,,2,0,True,LineString,108
SJ-4552_SB,work-zone,SOUTH CAPITOL AVENUE,southbound,Roadway improvements,2024-07-01T15:30:00Z,2027-01-01T00:00:00Z,some-lanes-closed-merge-right,static,,,,0,0,False,LineString,9
SF-1307327-5662000-20251005,work-zone,FOLSOM ST,undefined,,2025-10-05T07:01:00Z,2025-10-20T05:00:00Z,some-lanes-closed,static,,,,0,0,False,LineString,2
SF-256879-5684000-20250630,work-zone,FOLSOM ST,unknown,"to perform:folsom streetscape e post tow away for temporary bus stop location: folsom st., south side, between norfolk and 12th sts. (1539-1585 folsom sts) date/time:  jun 30 thru dec 30, 2025 (everyday)24 hours  lane requirements: (to be kept open)",2025-06-30T07:00:00Z,2025-12-31T07:59:00Z,some-lanes-closed,static,,,,0,0,False,LineString,6
SF-257852-2864001-20250919,work-zone,BEALE ST,undefined,"to perform:bulbout/sidewalk work location: beale st, between folsom & howard stas date/time: sep 19 thru oct 17, 2025 (mon-fri)7:00 am to 5:00 pm lane requirements: (to be kept open)  beale st2@12n   southbound ()east sidewalk4  path - opencross strsf",2025-09-19T07:00:00Z,2025-10-18T06:59:00Z,some-lanes-closed,static,,,,0,0,False,LineString,8
SF-257838-12725000-20250922,work-zone,TURK ST,undefined,"to perform:850 turk - joint trenching & storm sewer work  location: turk st between franklin & gough sts  date/time: sep 22 thru oct 10, 2025 (mon-fri)7:00 am to 2:00 pm  lane requirements: (to be kept open)  turk stwhile working in center of turk2@12",2025-09-22T07:00:00Z,2025-10-11T06:59:00Z,some-lanes-closed,static,,,,0,0,False,LineString,3
SF-257858-13029000-20250922,work-zone,URBANO DR,unknown,"to perform:gas line replacement 0 35442777 (tc-19, 9w, 9e, 8) location: urbano dr (northern block) between victoria & corona sts  date/time: sep 22 thru oct 10 (mon-fri) 8:00 am to 4:00 pm lane requirements: (to be kept open)  urbano dr175o section 1@",2025-09-22T07:00:00Z,2025-10-11T06:59:00Z,some-lanes-closed,static,,,,0,0,False,LineString,2
SF-1284264-4312000-20251010,work-zone,COMMERCIAL ST,undefined,,2025-10-10T14:00:00Z,2025-10-11T06:00:00Z,all-lanes-closed,static,,,,0,0,False,LineString,3
SJ-4260_SB,work-zone,HELLYER AVE,southbound,Delivery of construction materials,2024-07-22T16:00:00Z,2027-07-13T16:00:00Z,some-lanes-closed-merge-right,static,,,,0,0,False,LineString,12
SJ-4448_EB,work-zone,STEVENS CREEK,eastbound,Installation of utility services,2024-07-31T16:00:00Z,2026-03-31T22:30:00Z,all-lanes-open-shift-right,static,,,,0,0,False,LineString,11
SJ-4693_NB,work-zone,RAICH DR,northbound,Street improvements,2023-04-05T03:00:00Z,2026-02-15T04:00:00Z,some-lanes-closed-merge-right,static,,,,0,0,False,LineString,19
SJ-6204_EB,work-zone,ST JOHN,eastbound,Installation of utility services,2025-08-04T15:30:00Z,2025-11-14T23:00:00Z,some-lanes-closed-merge-right,static,,,,0,0,False,LineString,2
SJ-6001_WB,work-zone,E ALMA AVE,westbound,Sanitary sewer rehabilitation work,2025-09-22T15:30:00Z,2026-01-31T00:30:00Z,some-lanes-closed-merge-right,static,,,,0,0,False,LineString,6
SJ-6221_NB,work-zone,WHILENIA,northbound,Installation of utility services,2025-09-05T15:15:00Z,2025-10-27T23:15:00Z,all-lanes-open-shift-right,static,,,,0,0,False,LineString,20
SJ-4745_SB,work-zone,LICK AVE,southbound,Other/Not Listed,2023-08-31T15:00:00Z,2027-07-30T22:30:00Z,some-lanes-closed-merge-right,static,,,,0,0,False,LineString,2
SF-257686-9875301-20250913,work-zone,OCTAVIA ST,undefined,"to perform:mobile crane picks and concrete pours location: octavia st between haight & rose sts date/time: sep 13 thru oct 12, 2025 (everyday)6:00 am to 3:00 pm  lane requirements: (to be kept open)  octavia st (frontage)closed w northbound ()full roa",2025-09-13T07:00:00Z,2025-10-13T06:59:00Z,some-lanes-closed,static,,,,0,0,False,LineString,9
SF-256880-11641000-20250630,work-zone,SANTOS ST,unknown,no detail available,2025-06-30T07:00:00Z,2025-12-27T07:59:00Z,some-lanes-closed,static,,,,0,0,False,LineString,6
SF-257791-5222000-20250914,work-zone,ELWOOD ST,unknown,"to perform:312 mason building fadade repair (scaffolding on north side of elwood) location: elwood st between mason & o:farrell sts date/time: sep 14 thru nov 13, 2025 (everyday)24 hours  lane requirements: (to be kept open)  elwood stobfarrell to mid",2025-09-14T07:00:00Z,2025-11-15T07:59:00Z,some-lanes-closed,static,,,,0,0,False,LineString,3
SF-257858-13030000-20250922,work-zone,URBANO DR,unknown,"to perform:gas line replacement 0 35442777 (tc-19, 9w, 9e, 8) location: urbano dr (northern block) between victoria & corona sts  date/time: sep 22 thru oct 10 (mon-fri) 8:00 am to 4:00 pm lane requirements: (to be kept open)  urbano dr175l section 1@",2025-09-22T07:00:00Z,2025-10-11T06:59:00Z,some-lanes-closed,static,,,,0,0,False,LineString,2
SF-257858-13025000-20250922,work-zone,URBANO DR,unknown,"to perform:gas line replacement 0 35442777 (tc-19, 9w, 9e, 8) location: urbano dr (northern block) between victoria & corona sts  date/time: sep 22 thru oct 10 (mon-fri) 8:00 am to 4:00 pm lane requirements: (to be kept open)  urbano dr175l section 1@",2025-09-22T07:00:00Z,2025-10-11T06:59:00Z,some-lanes-closed,static,,,,0,0,False,LineString,2
SF-1328718-4858000-20251009,work-zone,DODGE ST,undefined,,2025-10-09T07:00:00Z,2026-10-10T06:59:00Z,all-lanes-closed,static,,,,0,0,False,LineString,2
SF-1228938-6631000-20251010,work-zone,HALLECK ST,undefined,,2025-10-10T14:00:00Z,2025-10-11T06:59:00Z,all-lanes-closed,static,,,,0,0,False,LineString,4
SJ-5038_WB,work-zone,DOVE HILL RD,westbound,Installation of utility services,2025-04-11T15:00:00Z,2025-10-31T23:30:00Z,some-lanes-closed-merge-right,static,,,,0,0,False,LineString,3
SF-1288540-8291000-20251010,work-zone,LEIDESDORFF ST,undefined,,2025-10-10T14:00:00Z,2025-10-11T05:00:00Z,all-lanes-closed,static,,,,0,0,False,LineString,4
SF-257686-9876201-20250913,work-zone,OCTAVIA ST,undefined,"to perform:mobile crane picks and concrete pours location: octavia st between haight & rose sts date/time: sep 13 thru oct 12, 2025 (everyday)6:00 am to 3:00 pm  lane requirements: (to be kept open)  octavia st (frontage)closed w northbound ()full roa",2025-09-13T07:00:00Z,2025-10-13T06:59:00Z,some-lanes-closed,static,,,,0,0,False,LineString,3
SF-257858-13028000-20250922,work-zone,URBANO DR,unknown,"to perform:gas line replacement 0 35442777 (tc-19, 9w, 9e, 8) location: urbano dr (northern block) between victoria & corona sts  date/time: sep 22 thru oct 10 (mon-fri) 8:00 am to 4:00 pm lane requirements: (to be kept open)  urbano dr175a section 1@",2025-09-22T07:00:00Z,2025-10-11T06:59:00Z,some-lanes-closed,static,,,,0,0,False,LineString,10
